category,belk_style
BONDED GOLD/SS,BAB087007Y725
BONDED GOLD/SS,BAE086711Y
BONDED GOLD/SS,BAE086759Y
BONDED GOLD/SS,BAE086773B
BONDED GOLD/SS,BAE087225Y
BONDED GOLD/SS,BAF087008Y18
BONDED GOLD/SS,BAF087038B18
BONDED GOLD/SS,BAP086736B18
COLOR PRECIOUS,2847EM
COLOR PRECIOUS,2847SP
COLOR PRECIOUS,3273SP
COLOR PRECIOUS,3279SP
COLOR PRECIOUS,3289SP
COLOR PRECIOUS,3380PN
COLOR PRECIOUS,3382EM
COLOR PRECIOUS,3686RB
COLOR PRECIOUS,3777SP
COLOR PRECIOUS,53675ZZMLSG0
COLOR PRECIOUS,54349ZZMLSG2
COLOR PRECIOUS,66Y50W
COLOR PRECIOUS,69604A5S1EG0
COLOR PRECIOUS,69617A6S1EG0
COLOR PRECIOUS,69934A5MSBG0
COLOR PRECIOUS,70001A5S4EG1
COLOR PRECIOUS,78389A6S4EG0
COLOR PRECIOUS,791SP
COLOR PRECIOUS,83184ZZMLSJ0
COLOR PRECIOUS,83496ZZMLSJ7
COLOR PRECIOUS,84107ZZE1AJ0
COLOR PRECIOUS,87168Q9L3SJ2
COLOR PRECIOUS,89643ZZMLSJ3
COLOR PRECIOUS,89866ZZMLSJ0
COLOR PRECIOUS,ADJC5535V10000412
COLOR PRECIOUS,ADJC5535V10003605
COLOR PRECIOUS,ADJC5535V10004023
COLOR PRECIOUS,ADJC5535V5400341
COLOR PRECIOUS,ADJC5535V5400352
COLOR PRECIOUS,ADJC5535V5400361
COLOR PRECIOUS,ADJC5535V5400367
COLOR PRECIOUS,AX169454CRPN6SC
COLOR PRECIOUS,BX735352FE1KE
COLOR PRECIOUS,C211EM
COLOR PRECIOUS,C216RB
COLOR PRECIOUS,C538EM
COLOR PRECIOUS,C538RB
COLOR PRECIOUS,CA1160H3ZZSG0
COLOR PRECIOUS,CA1977E3A7AG0
COLOR PRECIOUS,CA4685E3A7AG0
COLOR PRECIOUS,CA6016H5ZZSE0
COLOR PRECIOUS,CA7065S4A6DZ0
COLOR PRECIOUS,CA7250H3ZZAZ0
COLOR PRECIOUS,CE159SP
COLOR PRECIOUS,CE490EM
COLOR PRECIOUS,CJ1029H5H9SG0
COLOR PRECIOUS,CJ1033H5H9SG0
COLOR PRECIOUS,CJ1035H3H9SG0
COLOR PRECIOUS,CJ1035H5H9SG0
COLOR PRECIOUS,CJ6011H5ZZAG0
COLOR PRECIOUS,CJ7021H1H9SZ0
COLOR PRECIOUS,CJ7021H5H9SZ0
COLOR PRECIOUS,CJ7040H1ZZAZ0
COLOR PRECIOUS,CJ9017H3ZZAL0
COLOR PRECIOUS,DA7037ZZ16AZ0
COLOR PRECIOUS,E22RB
COLOR PRECIOUS,E3559PN
COLOR PRECIOUS,ER00208S
COLOR PRECIOUS,ER00213E
COLOR PRECIOUS,ER00241PS
COLOR PRECIOUS,ER00241R
COLOR PRECIOUS,ER00418E
COLOR PRECIOUS,ER00418R
COLOR PRECIOUS,ER00418S
COLOR PRECIOUS,ER00418SW
COLOR PRECIOUS,ER00723E
COLOR PRECIOUS,ER00723R
COLOR PRECIOUS,ER00769E
COLOR PRECIOUS,ER00802E
COLOR PRECIOUS,ER00922SW
COLOR PRECIOUS,ER01342R
COLOR PRECIOUS,ER01525S
COLOR PRECIOUS,ER01697S
COLOR PRECIOUS,ER01766R
COLOR PRECIOUS,ER01813R
COLOR PRECIOUS,ER01880R
COLOR PRECIOUS,ER01880S
COLOR PRECIOUS,ER01908S
COLOR PRECIOUS,ER02100E
COLOR PRECIOUS,ER02100R
COLOR PRECIOUS,ER02100S
COLOR PRECIOUS,ER02129E
COLOR PRECIOUS,ER02369RS
COLOR PRECIOUS,ER02404PS
COLOR PRECIOUS,ER02404R
COLOR PRECIOUS,ER02470E
COLOR PRECIOUS,ER02470SW
COLOR PRECIOUS,ER02569R
COLOR PRECIOUS,ER02583R
COLOR PRECIOUS,ER02608R
COLOR PRECIOUS,ER02622E
COLOR PRECIOUS,ER02622PSW
COLOR PRECIOUS,ER02622R
COLOR PRECIOUS,ER02643E
COLOR PRECIOUS,ER02643SW
COLOR PRECIOUS,ER02663E
COLOR PRECIOUS,ER02663R
COLOR PRECIOUS,ER02663SW
COLOR PRECIOUS,ER02739R
COLOR PRECIOUS,ER02774E
COLOR PRECIOUS,ER02793E
COLOR PRECIOUS,ER02793R
COLOR PRECIOUS,ER02793SW
COLOR PRECIOUS,ER02813E
COLOR PRECIOUS,ER02813R
COLOR PRECIOUS,ER02813SW
COLOR PRECIOUS,ER02824E
COLOR PRECIOUS,ER02824R
COLOR PRECIOUS,ER02824S
COLOR PRECIOUS,ER02827R
COLOR PRECIOUS,ER02828R
COLOR PRECIOUS,ER02881E
COLOR PRECIOUS,ER02881S
COLOR PRECIOUS,ER02895E
COLOR PRECIOUS,ER02930SW
COLOR PRECIOUS,ER02949R
COLOR PRECIOUS,ER02951S
COLOR PRECIOUS,ER03005R
COLOR PRECIOUS,ESBX4425E1CB
COLOR PRECIOUS,ESJ5970F54S8CE
COLOR PRECIOUS,ESN3293CRAM
COLOR PRECIOUS,ESN5844SAM18
COLOR PRECIOUS,ESRBX75215CSCW
COLOR PRECIOUS,ESW12112CRZC
COLOR PRECIOUS,ESW1211CR6ZC
COLOR PRECIOUS,ESW1318AMPBT
COLOR PRECIOUS,ESW26784CSSC
COLOR PRECIOUS,ESW43093CRM18
COLOR PRECIOUS,ESW528025SACE
COLOR PRECIOUS,ESW7290MCPBT
COLOR PRECIOUS,ESW73772CRBT
COLOR PRECIOUS,ESW75534CRSC
COLOR PRECIOUS,ESW7553CE2SC
COLOR PRECIOUS,ESZ3754CR9A
COLOR PRECIOUS,ESZ38472S4BT
COLOR PRECIOUS,ESZ79362CRBT
COLOR PRECIOUS,ESZ80222S8M
COLOR PRECIOUS,ESZ8118AMPAM
COLOR PRECIOUS,F0725A5S1EJ3
COLOR PRECIOUS,F3522A5S1EJ1
COLOR PRECIOUS,H47443ACEWCI
COLOR PRECIOUS,JR6877RUSSB
COLOR PRECIOUS,LC3801A
COLOR PRECIOUS,LC3807A
COLOR PRECIOUS,LC3808A
COLOR PRECIOUS,LC3809A
COLOR PRECIOUS,LC3810A
COLOR PRECIOUS,LC3810V
COLOR PRECIOUS,LC3812A
COLOR PRECIOUS,LC3812V
COLOR PRECIOUS,LC3814A
COLOR PRECIOUS,LC3815A
COLOR PRECIOUS,LC3815V
COLOR PRECIOUS,LC3816A
COLOR PRECIOUS,LC3816B
COLOR PRECIOUS,LC3820K
COLOR PRECIOUS,LC3821V
COLOR PRECIOUS,LC3823A
COLOR PRECIOUS,LC3825A
COLOR PRECIOUS,LC3825B
COLOR PRECIOUS,LC3830A
COLOR PRECIOUS,LC3830B
COLOR PRECIOUS,LC3834B
COLOR PRECIOUS,LC3834V
COLOR PRECIOUS,LC3835V
COLOR PRECIOUS,LC3836B
COLOR PRECIOUS,LC3837A
COLOR PRECIOUS,LC3838B
COLOR PRECIOUS,LC3839B
COLOR PRECIOUS,LC3840B
COLOR PRECIOUS,LC3842A
COLOR PRECIOUS,LC3842V
COLOR PRECIOUS,LC3843A
COLOR PRECIOUS,LC3843V
COLOR PRECIOUS,M51763CRCSC
COLOR PRECIOUS,M815252E1PE
COLOR PRECIOUS,MCLWC1134S
COLOR PRECIOUS,MCLWC4360S
COLOR PRECIOUS,N000724S
COLOR PRECIOUS,N001241PS
COLOR PRECIOUS,N001442R
COLOR PRECIOUS,N001881E
COLOR PRECIOUS,N001881S
COLOR PRECIOUS,N002644SW
COLOR PRECIOUS,N002825E
COLOR PRECIOUS,N002825R
COLOR PRECIOUS,N002825S
COLOR PRECIOUS,N002896E
COLOR PRECIOUS,N003010E
COLOR PRECIOUS,P3068SP
COLOR PRECIOUS,P3259EM
COLOR PRECIOUS,P3321EM
COLOR PRECIOUS,P3321SP
COLOR PRECIOUS,P3559PN
COLOR PRECIOUS,P3821RB
COLOR PRECIOUS,PN00188S
COLOR PRECIOUS,PN01136SW
COLOR PRECIOUS,PN01528S
COLOR PRECIOUS,PN01666RW
COLOR PRECIOUS,PN01690S
COLOR PRECIOUS,PN01736E
COLOR PRECIOUS,PN01736R
COLOR PRECIOUS,PN01736S
COLOR PRECIOUS,PN01737E
COLOR PRECIOUS,PN01737R
COLOR PRECIOUS,PN02236SW
COLOR PRECIOUS,PN02253SW
COLOR PRECIOUS,PN02268R
COLOR PRECIOUS,PN02301R
COLOR PRECIOUS,PN02310PS
COLOR PRECIOUS,PN02357RS
COLOR PRECIOUS,PN02396R
COLOR PRECIOUS,PN02469E
COLOR PRECIOUS,PN02469SW
COLOR PRECIOUS,PN02568R
COLOR PRECIOUS,PN02592R
COLOR PRECIOUS,PN02607R
COLOR PRECIOUS,PN02607SW
COLOR PRECIOUS,PN02616E
COLOR PRECIOUS,PN02621E
COLOR PRECIOUS,PN02621R
COLOR PRECIOUS,PN02758R
COLOR PRECIOUS,PN02773E
COLOR PRECIOUS,PN02773R
COLOR PRECIOUS,PN02826R
COLOR PRECIOUS,PN02846MSW
COLOR PRECIOUS,PN02846SR
COLOR PRECIOUS,PN02879E
COLOR PRECIOUS,PN02880E
COLOR PRECIOUS,PN02905E
COLOR PRECIOUS,PN02945MS
COLOR PRECIOUS,R2934PXCCS
COLOR PRECIOUS,R2934PXCE
COLOR PRECIOUS,R3184ZZMLSZ0
COLOR PRECIOUS,RAX10495MPBK
COLOR PRECIOUS,RAX10515MPBK
COLOR PRECIOUS,RAX10525MPBK
COLOR PRECIOUS,RAX10535MPBK
COLOR PRECIOUS,RAX1084CE2BK
COLOR PRECIOUS,RAX1084FCSBK
COLOR PRECIOUS,RAX109153FE1K
COLOR PRECIOUS,RAX109153FRN1
COLOR PRECIOUS,RAX109153KSKW
COLOR PRECIOUS,RAX1125CE2BK
COLOR PRECIOUS,RAX112653CSW
COLOR PRECIOUS,RAX112653FCE2
COLOR PRECIOUS,RAX112653FCR
COLOR PRECIOUS,RAX115753FKSK
COLOR PRECIOUS,RAX23835E1KWS
COLOR PRECIOUS,RAX23835KSKWS
COLOR PRECIOUS,RAX23835RN1WS
COLOR PRECIOUS,RAX2552A6FKSK
COLOR PRECIOUS,RAX2665F9SMEJ
COLOR PRECIOUS,RAX4198KSKCB
COLOR PRECIOUS,RAX4416CE2CB
COLOR PRECIOUS,RAX4416CRCBK
COLOR PRECIOUS,RAX4416CSPCB
COLOR PRECIOUS,RAX4715E1KCB
COLOR PRECIOUS,RAX4715KSKCB
COLOR PRECIOUS,RAX4715RN2CB
COLOR PRECIOUS,RAX5522E1KCB
COLOR PRECIOUS,RAX5522RN2CB
COLOR PRECIOUS,RAX6018E1KBK
COLOR PRECIOUS,RAX6277CE2BK
COLOR PRECIOUS,RAX63305MPBK
COLOR PRECIOUS,RAX7154E1KBK
COLOR PRECIOUS,RAX7154FRN2B
COLOR PRECIOUS,RAX7953AMXBK
COLOR PRECIOUS,RAX7953BMXBK
COLOR PRECIOUS,RAX7953MIXBK
COLOR PRECIOUS,RBX4275KSKCB
COLOR PRECIOUS,RBX4791MPCBK
COLOR PRECIOUS,RBX4792MPCBK
COLOR PRECIOUS,RBX4793MPCBK
COLOR PRECIOUS,RBX4872CE2CB
COLOR PRECIOUS,RF114553S7W
COLOR PRECIOUS,RF11459E1KBK
COLOR PRECIOUS,RF11459KSKBK
COLOR PRECIOUS,RF11459RN2BK
COLOR PRECIOUS,RF41369KSKCB
COLOR PRECIOUS,RF4136E1KCBK
COLOR PRECIOUS,RF4136RN2CBK
COLOR PRECIOUS,RF712753S7W
COLOR PRECIOUS,RH5855CCCWCI
COLOR PRECIOUS,RH85339E1PKJ
COLOR PRECIOUS,RH85339KSPKW
COLOR PRECIOUS,RH85339RBD
COLOR PRECIOUS,RJX109153FE1K
COLOR PRECIOUS,RJX109153FKSK
COLOR PRECIOUS,RJX109153FRN1
COLOR PRECIOUS,RM20739E1P
COLOR PRECIOUS,RM20739KSK
COLOR PRECIOUS,RM20739RN1
COLOR PRECIOUS,RM210353FE1K
COLOR PRECIOUS,RM210353KSKW
COLOR PRECIOUS,RM244553FE1PK
COLOR PRECIOUS,RM244553KSKW
COLOR PRECIOUS,RM25639KSKBK
COLOR PRECIOUS,RM25639RN2BK
COLOR PRECIOUS,RM2566FE1KBK
COLOR PRECIOUS,RM2566FKSKBK
COLOR PRECIOUS,RM2566FRN2BK
COLOR PRECIOUS,RM2635FE1KBK
COLOR PRECIOUS,RM2635FKSKBK
COLOR PRECIOUS,RM2635FRN2BK
COLOR PRECIOUS,RM26369KSKBK
COLOR PRECIOUS,RM2637FKSKBK
COLOR PRECIOUS,RM272652CSW
COLOR PRECIOUS,RM272652FCR
COLOR PRECIOUS,RM272852FCC
COLOR PRECIOUS,RM272852FCE2
COLOR PRECIOUS,RM272852FCR
COLOR PRECIOUS,RM2748FE1KBK
COLOR PRECIOUS,RM284253FE1K
COLOR PRECIOUS,RM284253FRN1
COLOR PRECIOUS,RM284253KSKW
COLOR PRECIOUS,RM2935KSKWBK
COLOR PRECIOUS,RM3074FE1KBK
COLOR PRECIOUS,RM3074FKSKBK
COLOR PRECIOUS,RM3074FRN2BK
COLOR PRECIOUS,RM3432FE1KBK
COLOR PRECIOUS,RM3432FKSKBK
COLOR PRECIOUS,RM3432FRN2BK
COLOR PRECIOUS,RM3676FKSKBK
COLOR PRECIOUS,RM3677FE1KBK
COLOR PRECIOUS,RM3677FKSKBK
COLOR PRECIOUS,RM3677FRN2BK
COLOR PRECIOUS,RM5977RN1PNC
COLOR PRECIOUS,RM598052E1K
COLOR PRECIOUS,RM598052RN1
COLOR PRECIOUS,RM5980E1KCBK
COLOR PRECIOUS,RM5980KSPKWC
COLOR PRECIOUS,RM5980RN1CBK
COLOR PRECIOUS,RM6886FE1KBK
COLOR PRECIOUS,RM6886FKSKBK
COLOR PRECIOUS,RM6886FRN2BK
COLOR PRECIOUS,RM81502RN1PN
COLOR PRECIOUS,RM8178KSPKBK
COLOR PRECIOUS,RM8419CSPBK
COLOR PRECIOUS,RM860252E1PKKL
COLOR PRECIOUS,RN00602E
COLOR PRECIOUS,RN00602SW
COLOR PRECIOUS,RN00722E
COLOR PRECIOUS,RN00810R
COLOR PRECIOUS,RN00810SW
COLOR PRECIOUS,RN00863SW
COLOR PRECIOUS,RN01285R
COLOR PRECIOUS,RN01285SR
COLOR PRECIOUS,RN01509R
COLOR PRECIOUS,RN01569S
COLOR PRECIOUS,RN01689S
COLOR PRECIOUS,RN01691SR
COLOR PRECIOUS,RN01735R
COLOR PRECIOUS,RN01735S
COLOR PRECIOUS,RN01743R
COLOR PRECIOUS,RN01743SW
COLOR PRECIOUS,RN01854S
COLOR PRECIOUS,RN01855RW
COLOR PRECIOUS,RN01855SW
COLOR PRECIOUS,RN01876E
COLOR PRECIOUS,RN01876R
COLOR PRECIOUS,RN01876S
COLOR PRECIOUS,RN01897R
COLOR PRECIOUS,RN01897S
COLOR PRECIOUS,RN02057E
COLOR PRECIOUS,RN02127R
COLOR PRECIOUS,RN02230E
COLOR PRECIOUS,RN02259PS
COLOR PRECIOUS,RN02259SW
COLOR PRECIOUS,RN02267E
COLOR PRECIOUS,RN02267R
COLOR PRECIOUS,RN02267SW
COLOR PRECIOUS,RN02356MS
COLOR PRECIOUS,RN02356RS
COLOR PRECIOUS,RN02421SW
COLOR PRECIOUS,RN02422EW
COLOR PRECIOUS,RN02423EW
COLOR PRECIOUS,RN02424SW
COLOR PRECIOUS,RN02428E
COLOR PRECIOUS,RN02428SW
COLOR PRECIOUS,RN02533R
COLOR PRECIOUS,RN02548R
COLOR PRECIOUS,RN02584E
COLOR PRECIOUS,RN02585E
COLOR PRECIOUS,RN02602E
COLOR PRECIOUS,RN02611E
COLOR PRECIOUS,RN02612E
COLOR PRECIOUS,RN02626ES
COLOR PRECIOUS,RN02626PSS
COLOR PRECIOUS,RN02626RS
COLOR PRECIOUS,RN02626SS
COLOR PRECIOUS,RN02634E
COLOR PRECIOUS,RN02634R
COLOR PRECIOUS,RN02634SW
COLOR PRECIOUS,RN02651R
COLOR PRECIOUS,RN02651SW
COLOR PRECIOUS,RN02657E
COLOR PRECIOUS,RN02657SW
COLOR PRECIOUS,RN02672R
COLOR PRECIOUS,RN02674E
COLOR PRECIOUS,RN02674R
COLOR PRECIOUS,RN02689R
COLOR PRECIOUS,RN02766E
COLOR PRECIOUS,RN02772E
COLOR PRECIOUS,RN02772R
COLOR PRECIOUS,RN02772SW
COLOR PRECIOUS,RN02795SW
COLOR PRECIOUS,RN02823R
COLOR PRECIOUS,RN02835R
COLOR PRECIOUS,RN02850E
COLOR PRECIOUS,RN02850R
COLOR PRECIOUS,RN02869E
COLOR PRECIOUS,RN02878E
COLOR PRECIOUS,RN02904E
COLOR PRECIOUS,RN02941R
COLOR PRECIOUS,RN02942R
COLOR PRECIOUS,RN02954E
COLOR PRECIOUS,RN02985E
COLOR PRECIOUS,RN03032E
COLOR PRECIOUS,RW81769E1KBK
COLOR PRECIOUS,RW81769KSKBK
COLOR PRECIOUS,RW81769RN2BK
COLOR PRECIOUS,RY42899KSKCB
COLOR PRECIOUS,RY4289E1KCBK
COLOR PRECIOUS,RY4289RN1CBK
COLOR PRECIOUS,RY875059SAJ
COLOR PRECIOUS,RZ5359FMCPCI
COLOR PRECIOUS,SAX1114MCPBK
COLOR PRECIOUS,SAX1117MCPBK
COLOR PRECIOUS,SAX11465CS
COLOR PRECIOUS,SAX2025A7CR
COLOR PRECIOUS,SAX2025A7CS
COLOR PRECIOUS,SAX25835E1PKWT
COLOR PRECIOUS,SAX25835KSPKWT
COLOR PRECIOUS,SAX25835MIX
COLOR PRECIOUS,SAX4326CRCWCSC
COLOR PRECIOUS,SAX4722MCPCH
COLOR PRECIOUS,SAX5148MCPCB
COLOR PRECIOUS,SAX5268CSPCB
COLOR PRECIOUS,SAX559559CRCHKL
COLOR PRECIOUS,SAX5960E1KCB
COLOR PRECIOUS,SAX5960KSKCB
COLOR PRECIOUS,SAX5962E1KCB
COLOR PRECIOUS,SAX5965KSKCB
COLOR PRECIOUS,SAX5966RN2CB
COLOR PRECIOUS,SAX6340MCPBK
COLOR PRECIOUS,SAX7401E1KBK
COLOR PRECIOUS,SAX7401KSKBK
COLOR PRECIOUS,SAX7403E1KBK
COLOR PRECIOUS,SAX7407FRN2B
COLOR PRECIOUS,SAX7736RN2BK
COLOR PRECIOUS,SAX7919MCPBK
COLOR PRECIOUS,SAX8493A7CS
COLOR PRECIOUS,SB51849FCRCJ
COLOR PRECIOUS,SBX41265CECWCAM
COLOR PRECIOUS,SBX41265CECWCHHLZ
COLOR PRECIOUS,SBX4167CSPCB
COLOR PRECIOUS,SBX4487RN2CB
COLOR PRECIOUS,SBX4562CRCBK
COLOR PRECIOUS,SBX4563CE2CH
COLOR PRECIOUS,SBX4564MCPCB
COLOR PRECIOUS,SBX46735CRCWCSI
COLOR PRECIOUS,SBX4730MCPCB
COLOR PRECIOUS,SBX4867MCPCB
COLOR PRECIOUS,SBX5086CSCBK
COLOR PRECIOUS,SBX5116CRCBK
COLOR PRECIOUS,SBX590153CE2CHSI
COLOR PRECIOUS,SBX718559FCRKL
COLOR PRECIOUS,SBX7185A7CR
COLOR PRECIOUS,SJ95685CR
COLOR PRECIOUS,SJ98055MPBK
COLOR PRECIOUS,SJ98255CRBK
COLOR PRECIOUS,SJ98255CSBK
COLOR PRECIOUS,SJ983659CRBK
COLOR PRECIOUS,SJX1026BMCBK
COLOR PRECIOUS,SJX11205CECW
COLOR PRECIOUS,SJX13195CEPCW
COLOR PRECIOUS,SJX13205CRCW
COLOR PRECIOUS,SJX4020MCPCB
COLOR PRECIOUS,SJX4025CRCWCH
COLOR PRECIOUS,SJX41035MCPCH
COLOR PRECIOUS,SJX424152MCPCH
COLOR PRECIOUS,SJX70115CSCW
COLOR PRECIOUS,SJX70125CRCW
COLOR PRECIOUS,SJX9125AMCBK
COLOR PRECIOUS,SJX9125BMCBK
COLOR PRECIOUS,SM11049E1KBK
COLOR PRECIOUS,SM11049KSKBK
COLOR PRECIOUS,SM11049RN2BK
COLOR PRECIOUS,SM1926CE2CWHLZ
COLOR PRECIOUS,SM2205CRCWBK
COLOR PRECIOUS,SM2205MCPBK
COLOR PRECIOUS,SM232451FCE2MR7
COLOR PRECIOUS,SM33859KSKBK
COLOR PRECIOUS,SM33905MPABK
COLOR PRECIOUS,SM33905MPBK
COLOR PRECIOUS,SM34319E1KBK
COLOR PRECIOUS,SM34319RN2BK
COLOR PRECIOUS,SM34365MPBK
COLOR PRECIOUS,SM34949CE2BK
COLOR PRECIOUS,SM35075CRCWKL
COLOR PRECIOUS,SM48265CRWTM18
COLOR PRECIOUS,SM5650CE2CBK
COLOR PRECIOUS,SM66175CRBT
COLOR PRECIOUS,SM74233CSHLZ
COLOR PRECIOUS,SM8330CSCWBK
COLOR PRECIOUS,SM89095MCPBK
COLOR PRECIOUS,SN57293CE2CI
COLOR PRECIOUS,SW16453CCSI
COLOR PRECIOUS,SW57695MCPCI
COLOR PRECIOUS,SZ88883CE2SI
COLOR PRECIOUS,W3057PN
COLOR PRECIOUS,W3206SP
COLOR PRECIOUS,W3578SP
COLOR PRECIOUS,W3587RB
COLOR PRECIOUS,WC1128S
COLOR PRECIOUS,WC1241R
COLOR PRECIOUS,WC1594P
COLOR PRECIOUS,WC1817R
COLOR PRECIOUS,WC1863P
COLOR PRECIOUS,WC2119R
COLOR PRECIOUS,WC2834S
COLOR PRECIOUS,WC2961R
COLOR PRECIOUS,WC2969S
COLOR PRECIOUS,WC2970P
COLOR PRECIOUS,WC2971Y
COLOR PRECIOUS,WC2979S
COLOR PRECIOUS,WC2979Y
COLOR PRECIOUS,WC2980S
COLOR PRECIOUS,WC3243E
COLOR PRECIOUS,WC3243S
COLOR PRECIOUS,WC3354S
COLOR PRECIOUS,WC3363R
COLOR PRECIOUS,WC762PN
COLOR PRECIOUS,WC896PN
COLOR PRECIOUS,WE3224P
COLOR PRECIOUS,WE3269P
COLOR PRECIOUS,WE3321P
COLOR PRECIOUS,WE3820S
COLOR PRECIOUS,WP3224P
COLOR PRECIOUS,WP3321P
COLOR PRECIOUS,WP3321S
COLOR PRECIOUS,87119ZZMXSJ2
COLOR PRECIOUS,CJ6153H9ZZYG0
COLOR PRECIOUS,CJ9057B6ZZYC0
COLOR PRECIOUS,CJ9079H9ZZYF0
COLOR PRECIOUS,R0958ZZL6SZ0
COLOR PRECIOUS,CA5374S1A7DG1
COLOR PRECIOUS,CA2767H1LDDG0
COLOR PRECIOUS,CA2768H3LDAG0
COLOR PRECIOUS,CA2768H5LDAG0
COLOR PRECIOUS,CJ0212H5ZZIG0
COLOR PRECIOUS,CJ6330H9ZZSE0
COLOR PRECIOUS,CJ9239H9ZZSD0
COLOR PRECIOUS,CJ9239H9ZZSD1
COLOR PRECIOUS,CJ9239H9ZZYD0
COLOR PRECIOUS,CJ9239H9ZZYD1
COLOR PRECIOUS,ESRBX4174MXM18
COLOR PRECIOUS,ESRW1182CRMRT
COLOR PRECIOUS,87U19PCWS
COLOR PRECIOUS,87U19PWCWS
COLOR PRECIOUS,CA1977R6A7AG0
COLOR PRECIOUS,CA2003S0A6EG0
COLOR PRECIOUS,CA2440H1LDYG0
COLOR PRECIOUS,CA4111H3LDAG1
COLOR PRECIOUS,CA4111H7LDAG1
COLOR PRECIOUS,CA7498R6A7AZ0
COLOR PRECIOUS,RAX7987ZSFCRZC
COLOR PRECIOUS,SM91035CW
COLOR SEMI-PRECIOUS,13ESF3131
COLOR SEMI-PRECIOUS,1528P18
COLOR SEMI-PRECIOUS,1529P18
COLOR SEMI-PRECIOUS,1530P18
COLOR SEMI-PRECIOUS,2917TZ
COLOR SEMI-PRECIOUS,3017TZ
COLOR SEMI-PRECIOUS,3103TZ
COLOR SEMI-PRECIOUS,3274TZ
COLOR SEMI-PRECIOUS,3538TZ
COLOR SEMI-PRECIOUS,3593TZ
COLOR SEMI-PRECIOUS,36023
COLOR SEMI-PRECIOUS,3670TZ
COLOR SEMI-PRECIOUS,3674TZ
COLOR SEMI-PRECIOUS,3783TZ
COLOR SEMI-PRECIOUS,38684
COLOR SEMI-PRECIOUS,38762
COLOR SEMI-PRECIOUS,50115ZZMXSG1
COLOR SEMI-PRECIOUS,50292ZZMXSG0
COLOR SEMI-PRECIOUS,51221ZZMLAG4
COLOR SEMI-PRECIOUS,51561ZZMX2G5
COLOR SEMI-PRECIOUS,53025ZZMSSG2
COLOR SEMI-PRECIOUS,53298ZZMXSG0
COLOR SEMI-PRECIOUS,53660ZZMXSG0
COLOR SEMI-PRECIOUS,53663ZZMLSG0
COLOR SEMI-PRECIOUS,54348ZZMX2C1
COLOR SEMI-PRECIOUS,54348ZZMX2E1
COLOR SEMI-PRECIOUS,56734A6C12G0
COLOR SEMI-PRECIOUS,58336KP
COLOR SEMI-PRECIOUS,59106ZZMSGG0
COLOR SEMI-PRECIOUS,59L97KP
COLOR SEMI-PRECIOUS,68821A6ANSG0
COLOR SEMI-PRECIOUS,6ESF701
COLOR SEMI-PRECIOUS,6ESF936BLM
COLOR SEMI-PRECIOUS,6ESF953BLM
COLOR SEMI-PRECIOUS,6SFCN838BLM
COLOR SEMI-PRECIOUS,6SFN758
COLOR SEMI-PRECIOUS,7ESF1143
COLOR SEMI-PRECIOUS,7ESF1437
COLOR SEMI-PRECIOUS,7ESF1556BLMSZ7
COLOR SEMI-PRECIOUS,7ESF1641BLM
COLOR SEMI-PRECIOUS,80694ZZMLSJ0
COLOR SEMI-PRECIOUS,82001ZZMLSJ7
COLOR SEMI-PRECIOUS,82002ZZMLSJA
COLOR SEMI-PRECIOUS,82746ZZMXSJ1
COLOR SEMI-PRECIOUS,82813ZZMXSJ1
COLOR SEMI-PRECIOUS,83196ZZL6SJ0
COLOR SEMI-PRECIOUS,84058ZZMLSJ1
COLOR SEMI-PRECIOUS,84725A6MSSJ0
COLOR SEMI-PRECIOUS,87036ZZMXSJ1
COLOR SEMI-PRECIOUS,87083Q9L8SJ0
COLOR SEMI-PRECIOUS,87119ZZMXSJ2
COLOR SEMI-PRECIOUS,88328ZZMXSJ1
COLOR SEMI-PRECIOUS,88356A6M3AJ8
COLOR SEMI-PRECIOUS,88356A6OXGJ8
COLOR SEMI-PRECIOUS,88356A6PMGJ8
COLOR SEMI-PRECIOUS,89401V8A1SJ3
COLOR SEMI-PRECIOUS,89643ZZMLSJ4
COLOR SEMI-PRECIOUS,89643ZZMXSJ0
COLOR SEMI-PRECIOUS,9SF388
COLOR SEMI-PRECIOUS,9SF629TRQBLM
COLOR SEMI-PRECIOUS,ADJC5539V10000412
COLOR SEMI-PRECIOUS,ADJC5539V10003605
COLOR SEMI-PRECIOUS,ADJC5539V10005600
COLOR SEMI-PRECIOUS,ADJC5539V5400085
COLOR SEMI-PRECIOUS,ADJC5539V5400341
COLOR SEMI-PRECIOUS,ADJC5539V5400347
COLOR SEMI-PRECIOUS,ADJC5539V5400352
COLOR SEMI-PRECIOUS,ADJC5539V5400354
COLOR SEMI-PRECIOUS,ADJC5539V5400361
COLOR SEMI-PRECIOUS,ADJC5539V5400367
COLOR SEMI-PRECIOUS,ADJD549V10005600
COLOR SEMI-PRECIOUS,ADJD549V10007965
COLOR SEMI-PRECIOUS,ADJD549V5400367
COLOR SEMI-PRECIOUS,AJE5816SILAMY
COLOR SEMI-PRECIOUS,AX106952LBTPPNE
COLOR SEMI-PRECIOUS,AX556052GCHE
COLOR SEMI-PRECIOUS,AX79535AMPE
COLOR SEMI-PRECIOUS,AX797052LBTPPNE
COLOR SEMI-PRECIOUS,B002305M
COLOR SEMI-PRECIOUS,B002452TNS
COLOR SEMI-PRECIOUS,BX482052FM3E
COLOR SEMI-PRECIOUS,C1027TZ
COLOR SEMI-PRECIOUS,C117TZ
COLOR SEMI-PRECIOUS,C215TZ
COLOR SEMI-PRECIOUS,C2764A
COLOR SEMI-PRECIOUS,C2764U
COLOR SEMI-PRECIOUS,C2768A
COLOR SEMI-PRECIOUS,C2802C
COLOR SEMI-PRECIOUS,C3877C
COLOR SEMI-PRECIOUS,C4190A
COLOR SEMI-PRECIOUS,C5000V
COLOR SEMI-PRECIOUS,C538TZ
COLOR SEMI-PRECIOUS,C5539V5409999
COLOR SEMI-PRECIOUS,C635TZ
COLOR SEMI-PRECIOUS,CA1043B5A6AG0
COLOR SEMI-PRECIOUS,CA1043F1A6AG0
COLOR SEMI-PRECIOUS,CA1059A3A6AG0
COLOR SEMI-PRECIOUS,CA1307F1H9AG0
COLOR SEMI-PRECIOUS,CA1380F1H9SG0
COLOR SEMI-PRECIOUS,CA1383F1B6SG0
COLOR SEMI-PRECIOUS,CA1646H8D2IG0
COLOR SEMI-PRECIOUS,CA1679X1ZZYG0
COLOR SEMI-PRECIOUS,CA1696H8ZZAG0
COLOR SEMI-PRECIOUS,CA1766A5A6GG0
COLOR SEMI-PRECIOUS,CA1799F1Z1YG0
COLOR SEMI-PRECIOUS,CA1923H0Z1QG0
COLOR SEMI-PRECIOUS,CA4006F1A6AG0
COLOR SEMI-PRECIOUS,CA4063X1ZZSZ0
COLOR SEMI-PRECIOUS,CA4064X1ZZSG0
COLOR SEMI-PRECIOUS,CA4126F1H9SG0
COLOR SEMI-PRECIOUS,CA4262H8D2IG0
COLOR SEMI-PRECIOUS,CA4305X1Z1QG0
COLOR SEMI-PRECIOUS,CA4386H3Z1SG0
COLOR SEMI-PRECIOUS,CA4389H2Z1SG0
COLOR SEMI-PRECIOUS,CA4401B5A6AG0
COLOR SEMI-PRECIOUS,CA4467F1Z1YG0
COLOR SEMI-PRECIOUS,CA4556B5Z1SG0
COLOR SEMI-PRECIOUS,CA4561B5Z1SG0
COLOR SEMI-PRECIOUS,CA4568X1Z1SG0
COLOR SEMI-PRECIOUS,CA4589H0Z1QG0
COLOR SEMI-PRECIOUS,CA4634H1Z1SG0
COLOR SEMI-PRECIOUS,CA6241H3Z1YG0
COLOR SEMI-PRECIOUS,CA7000X2ZZLZ0
COLOR SEMI-PRECIOUS,CA7043H9ZZSZ0
COLOR SEMI-PRECIOUS,CA7093H9ZZGZ0
COLOR SEMI-PRECIOUS,CA7102B2ZZIZ0
COLOR SEMI-PRECIOUS,CA7215H8D2IZ0
COLOR SEMI-PRECIOUS,CA7243A3ZZAZ0
COLOR SEMI-PRECIOUS,CA7244B2ZZAZ0
COLOR SEMI-PRECIOUS,CA7249B5ZZAZ0
COLOR SEMI-PRECIOUS,CA7366H8Z1SZ0
COLOR SEMI-PRECIOUS,CA9021B2ZZIY0
COLOR SEMI-PRECIOUS,CA9029H8V3SD0
COLOR SEMI-PRECIOUS,CA9064H8ZZIY0
COLOR SEMI-PRECIOUS,CA9098H1Z1YF0
COLOR SEMI-PRECIOUS,CJ1007V0ZZSG0
COLOR SEMI-PRECIOUS,CJ1033H1H9SG0
COLOR SEMI-PRECIOUS,CJ1040B5Z1SG0
COLOR SEMI-PRECIOUS,CJ1065X2ZZSG0
COLOR SEMI-PRECIOUS,CJ1128H1Z1SG0
COLOR SEMI-PRECIOUS,CJ1157B5Z1SI0
COLOR SEMI-PRECIOUS,CJ4002X0ZZSG0
COLOR SEMI-PRECIOUS,CJ4008X0ZZSG1
COLOR SEMI-PRECIOUS,CJ4033B5Z1SG0
COLOR SEMI-PRECIOUS,CJ4034H1Z1SG0
COLOR SEMI-PRECIOUS,CJ4048H8H9SG0
COLOR SEMI-PRECIOUS,CJ4077X0ZZQG0
COLOR SEMI-PRECIOUS,CJ4084X0ZZQG0
COLOR SEMI-PRECIOUS,CJ4185X0ZZSG0
COLOR SEMI-PRECIOUS,CJ4247X0ZZSG1
COLOR SEMI-PRECIOUS,CJ4252F1Z1YG0
COLOR SEMI-PRECIOUS,CJ4274V0ZZSG1
COLOR SEMI-PRECIOUS,CJ4275V0ZZSG1
COLOR SEMI-PRECIOUS,CJ6010X1ZZQG0
COLOR SEMI-PRECIOUS,CJ6106B0Z1SG0
COLOR SEMI-PRECIOUS,CJ7018H1Z1SZ0
COLOR SEMI-PRECIOUS,CJ7160X0ZZSZ1
COLOR SEMI-PRECIOUS,CJ7167B5ZZSZ0
COLOR SEMI-PRECIOUS,CJ7209F1Z1YZ0
COLOR SEMI-PRECIOUS,CJ9001H8ZZLZ0
COLOR SEMI-PRECIOUS,CR0085BT
COLOR SEMI-PRECIOUS,CR0247BT
COLOR SEMI-PRECIOUS,DB620BL
COLOR SEMI-PRECIOUS,DN1193YBL
COLOR SEMI-PRECIOUS,DN1248BL
COLOR SEMI-PRECIOUS,DP5138YBL
COLOR SEMI-PRECIOUS,DP6253Y10BL
COLOR SEMI-PRECIOUS,DQB10465BL
COLOR SEMI-PRECIOUS,DQB10551BL
COLOR SEMI-PRECIOUS,DQE10335BBL
COLOR SEMI-PRECIOUS,DQE10366BL
COLOR SEMI-PRECIOUS,DQE10920BL
COLOR SEMI-PRECIOUS,DQN10561BL
COLOR SEMI-PRECIOUS,DQN11082BL
COLOR SEMI-PRECIOUS,DQN11085BL
COLOR SEMI-PRECIOUS,DQN11251BL
COLOR SEMI-PRECIOUS,DQN11346BL
COLOR SEMI-PRECIOUS,DQP10440BL
COLOR SEMI-PRECIOUS,DQR10168BL
COLOR SEMI-PRECIOUS,E3096YBL
COLOR SEMI-PRECIOUS,EQE40P2AMM
COLOR SEMI-PRECIOUS,ER00510BT
COLOR SEMI-PRECIOUS,ER00510PE
COLOR SEMI-PRECIOUS,ER00727TNW
COLOR SEMI-PRECIOUS,ER00759AQW
COLOR SEMI-PRECIOUS,ER00767AW
COLOR SEMI-PRECIOUS,ER00767BT
COLOR SEMI-PRECIOUS,ER00767CI
COLOR SEMI-PRECIOUS,ER00767G
COLOR SEMI-PRECIOUS,ER00767PE
COLOR SEMI-PRECIOUS,ER00802MR
COLOR SEMI-PRECIOUS,ER00835OPW
COLOR SEMI-PRECIOUS,ER00922OP
COLOR SEMI-PRECIOUS,ER01250CI
COLOR SEMI-PRECIOUS,ER01250PE
COLOR SEMI-PRECIOUS,ER01340A
COLOR SEMI-PRECIOUS,ER01340PE
COLOR SEMI-PRECIOUS,ER01525AQ1
COLOR SEMI-PRECIOUS,ER01584PE
COLOR SEMI-PRECIOUS,ER01643CI
COLOR SEMI-PRECIOUS,ER01671SQ
COLOR SEMI-PRECIOUS,ER01748BT
COLOR SEMI-PRECIOUS,ER01748CI
COLOR SEMI-PRECIOUS,ER01748MQ
COLOR SEMI-PRECIOUS,ER01748OX
COLOR SEMI-PRECIOUS,ER01748PA
COLOR SEMI-PRECIOUS,ER01748PE
COLOR SEMI-PRECIOUS,ER01808PE
COLOR SEMI-PRECIOUS,ER01821AW
COLOR SEMI-PRECIOUS,ER01891OP
COLOR SEMI-PRECIOUS,ER01949TNS
COLOR SEMI-PRECIOUS,ER02203OPW
COLOR SEMI-PRECIOUS,ER02203PE
COLOR SEMI-PRECIOUS,ER02229OX
COLOR SEMI-PRECIOUS,ER02362AQW
COLOR SEMI-PRECIOUS,ER02362AW
COLOR SEMI-PRECIOUS,ER02362G
COLOR SEMI-PRECIOUS,ER02362PA
COLOR SEMI-PRECIOUS,ER02362PE
COLOR SEMI-PRECIOUS,ER02362SQ
COLOR SEMI-PRECIOUS,ER02388AW
COLOR SEMI-PRECIOUS,ER02388BT
COLOR SEMI-PRECIOUS,ER02388MQ
COLOR SEMI-PRECIOUS,ER02388PA
COLOR SEMI-PRECIOUS,ER02388SQ
COLOR SEMI-PRECIOUS,ER02390AW
COLOR SEMI-PRECIOUS,ER02404MR
COLOR SEMI-PRECIOUS,ER02404TNW
COLOR SEMI-PRECIOUS,ER02458CI
COLOR SEMI-PRECIOUS,ER02458PA
COLOR SEMI-PRECIOUS,ER02470AQW
COLOR SEMI-PRECIOUS,ER02470AW
COLOR SEMI-PRECIOUS,ER02470BT
COLOR SEMI-PRECIOUS,ER02470G
COLOR SEMI-PRECIOUS,ER02470PE
COLOR SEMI-PRECIOUS,ER02470TNW
COLOR SEMI-PRECIOUS,ER02567AW
COLOR SEMI-PRECIOUS,ER02594AQW
COLOR SEMI-PRECIOUS,ER02594PE
COLOR SEMI-PRECIOUS,ER02608AQW
COLOR SEMI-PRECIOUS,ER02608MR
COLOR SEMI-PRECIOUS,ER02622AQW
COLOR SEMI-PRECIOUS,ER02622PE
COLOR SEMI-PRECIOUS,ER02630AQW
COLOR SEMI-PRECIOUS,ER02630BTW
COLOR SEMI-PRECIOUS,ER02630CI
COLOR SEMI-PRECIOUS,ER02630G
COLOR SEMI-PRECIOUS,ER02630TNW
COLOR SEMI-PRECIOUS,ER02641TNW
COLOR SEMI-PRECIOUS,ER02647PA
COLOR SEMI-PRECIOUS,ER02666OX
COLOR SEMI-PRECIOUS,ER02666PA
COLOR SEMI-PRECIOUS,ER02666SQ
COLOR SEMI-PRECIOUS,ER02687AQW
COLOR SEMI-PRECIOUS,ER02687CI
COLOR SEMI-PRECIOUS,ER02687TNW
COLOR SEMI-PRECIOUS,ER02740AQW
COLOR SEMI-PRECIOUS,ER02745SQ
COLOR SEMI-PRECIOUS,ER02784MQ
COLOR SEMI-PRECIOUS,ER02784OX
COLOR SEMI-PRECIOUS,ER02784SQ
COLOR SEMI-PRECIOUS,ER02793MR
COLOR SEMI-PRECIOUS,ER02813AW
COLOR SEMI-PRECIOUS,ER02813BT
COLOR SEMI-PRECIOUS,ER02813CI
COLOR SEMI-PRECIOUS,ER02813G
COLOR SEMI-PRECIOUS,ER02827TNW
COLOR SEMI-PRECIOUS,ER02828TNW
COLOR SEMI-PRECIOUS,ER02841AW
COLOR SEMI-PRECIOUS,ER02841BT
COLOR SEMI-PRECIOUS,ER02841MQ
COLOR SEMI-PRECIOUS,ER02841OX
COLOR SEMI-PRECIOUS,ER02841PA
COLOR SEMI-PRECIOUS,ER02841PE
COLOR SEMI-PRECIOUS,ER02841SQ
COLOR SEMI-PRECIOUS,ER02854AW
COLOR SEMI-PRECIOUS,ER02854G
COLOR SEMI-PRECIOUS,ER02854PE
COLOR SEMI-PRECIOUS,ER02854SQ
COLOR SEMI-PRECIOUS,ER02858AQW
COLOR SEMI-PRECIOUS,ER02858AW
COLOR SEMI-PRECIOUS,ER02858G
COLOR SEMI-PRECIOUS,ER02861AW
COLOR SEMI-PRECIOUS,ER02861BTW
COLOR SEMI-PRECIOUS,ER02861G
COLOR SEMI-PRECIOUS,ER02867OX
COLOR SEMI-PRECIOUS,ER02875MR
COLOR SEMI-PRECIOUS,ER02881AW
COLOR SEMI-PRECIOUS,ER02881BT
COLOR SEMI-PRECIOUS,ER02881G
COLOR SEMI-PRECIOUS,ER02881MR
COLOR SEMI-PRECIOUS,ER02881OPW
COLOR SEMI-PRECIOUS,ER02883CI
COLOR SEMI-PRECIOUS,ER02883PE
COLOR SEMI-PRECIOUS,ER02891AQ
COLOR SEMI-PRECIOUS,ER02892AW
COLOR SEMI-PRECIOUS,ER02892PE
COLOR SEMI-PRECIOUS,ER02892SQ
COLOR SEMI-PRECIOUS,ER02897AW
COLOR SEMI-PRECIOUS,ER02897CI
COLOR SEMI-PRECIOUS,ER02897G
COLOR SEMI-PRECIOUS,ER02930MR
COLOR SEMI-PRECIOUS,ER02948TNW
COLOR SEMI-PRECIOUS,ESAX5857OPCB
COLOR SEMI-PRECIOUS,ESAX7369MSPJ
COLOR SEMI-PRECIOUS,ESAX7370LBTJ
COLOR SEMI-PRECIOUS,ESAX88903COPPZL
COLOR SEMI-PRECIOUS,ESB4085GCSC
COLOR SEMI-PRECIOUS,ESB4085PDCSC
COLOR SEMI-PRECIOUS,ESBX4110MXCB
COLOR SEMI-PRECIOUS,ESBX413753PDCZL
COLOR SEMI-PRECIOUS,ESH9640FMSPS
COLOR SEMI-PRECIOUS,ESJ9127PMLT
COLOR SEMI-PRECIOUS,ESM154453KSPK
COLOR SEMI-PRECIOUS,ESM26593MSPZL
COLOR SEMI-PRECIOUS,ESM3353LBT6J
COLOR SEMI-PRECIOUS,ESM3353LBT9J
COLOR SEMI-PRECIOUS,ESM4884MGCH
COLOR SEMI-PRECIOUS,ESM4884OXCH
COLOR SEMI-PRECIOUS,ESM4884STCH
COLOR SEMI-PRECIOUS,ESN5845CNM18
COLOR SEMI-PRECIOUS,ESRAX26135LBLCW
COLOR SEMI-PRECIOUS,ESRBX4435MLMR18
COLOR SEMI-PRECIOUS,ESRBX7521MSPMRT
COLOR SEMI-PRECIOUS,ESRCX4294AMXM18
COLOR SEMI-PRECIOUS,ESRJ5991BBSM18
COLOR SEMI-PRECIOUS,ESRJX91915LBL
COLOR SEMI-PRECIOUS,ESRM1436LBSB
COLOR SEMI-PRECIOUS,ESRM1436LQZB
COLOR SEMI-PRECIOUS,ESRM1436MGBK
COLOR SEMI-PRECIOUS,ESRM1436MLBK
COLOR SEMI-PRECIOUS,ESRM1436STBK
COLOR SEMI-PRECIOUS,ESRW1182CNMR
COLOR SEMI-PRECIOUS,ESW1376LBS8Z
COLOR SEMI-PRECIOUS,ESW1376LBSZC
COLOR SEMI-PRECIOUS,ESW1556FMLBT
COLOR SEMI-PRECIOUS,ESW1606FMGSC
COLOR SEMI-PRECIOUS,ESW1662MSPBT
COLOR SEMI-PRECIOUS,ESW2504MLPNL
COLOR SEMI-PRECIOUS,ESW2601FBSBJ
COLOR SEMI-PRECIOUS,ESW26784MLSC
COLOR SEMI-PRECIOUS,ESW26784PDSC
COLOR SEMI-PRECIOUS,ESW2678LBSSC
COLOR SEMI-PRECIOUS,ESW42603QC18
COLOR SEMI-PRECIOUS,ESW5257MSPCBBB
COLOR SEMI-PRECIOUS,ESW75534GSC
COLOR SEMI-PRECIOUS,ESW7553LBSSC
COLOR SEMI-PRECIOUS,ESW77263CCBT
COLOR SEMI-PRECIOUS,ESW8013FLBSS
COLOR SEMI-PRECIOUS,ESW8037FBSLT
COLOR SEMI-PRECIOUS,ESZ846052QBT
COLOR SEMI-PRECIOUS,F0820A6A1EJ4
COLOR SEMI-PRECIOUS,F1128ZZL6GJ6
COLOR SEMI-PRECIOUS,F1847V7T1SJ0
COLOR SEMI-PRECIOUS,F3820VCA1SJ2
COLOR SEMI-PRECIOUS,F5895ZZL6SJ3
COLOR SEMI-PRECIOUS,F6754ZZMSAZ0
COLOR SEMI-PRECIOUS,F8985ZZXMSJ6
COLOR SEMI-PRECIOUS,ISB0443AM
COLOR SEMI-PRECIOUS,ISE2673BT
COLOR SEMI-PRECIOUS,ISP0571BT
COLOR SEMI-PRECIOUS,ISR6604SWB
COLOR SEMI-PRECIOUS,ISR7357SWB
COLOR SEMI-PRECIOUS,ISR7358AME
COLOR SEMI-PRECIOUS,JB1849TASSB
COLOR SEMI-PRECIOUS,JP4947MG14KR
COLOR SEMI-PRECIOUS,JR6996AG10KWB
COLOR SEMI-PRECIOUS,JR7099GA10KWB
COLOR SEMI-PRECIOUS,JR7099PE10KWB
COLOR SEMI-PRECIOUS,JR8702MG14KR
COLOR SEMI-PRECIOUS,JR8938MG14KR
COLOR SEMI-PRECIOUS,M1573MORPNBK
COLOR SEMI-PRECIOUS,M18084LBSWBJ
COLOR SEMI-PRECIOUS,M255952QKWE
COLOR SEMI-PRECIOUS,M303052QKWE
COLOR SEMI-PRECIOUS,M402352QWCHE
COLOR SEMI-PRECIOUS,M739652FQWE
COLOR SEMI-PRECIOUS,M8260FSTPNSC
COLOR SEMI-PRECIOUS,MCLWC2758A
COLOR SEMI-PRECIOUS,MME1014SILMT
COLOR SEMI-PRECIOUS,MME1045SILCROP
COLOR SEMI-PRECIOUS,MME1045W10BT
COLOR SEMI-PRECIOUS,MME1045Y10CIT
COLOR SEMI-PRECIOUS,MMP1139SILAMY
COLOR SEMI-PRECIOUS,MMP1139SILBT
COLOR SEMI-PRECIOUS,MMP1139SILCIT
COLOR SEMI-PRECIOUS,MMP1139SILGARN
COLOR SEMI-PRECIOUS,MMP1139SILLBT
COLOR SEMI-PRECIOUS,MMP1139SILMT
COLOR SEMI-PRECIOUS,MMP1139SILPERI
COLOR SEMI-PRECIOUS,MTE1032SILAMY
COLOR SEMI-PRECIOUS,MTE1032SILBT
COLOR SEMI-PRECIOUS,MTE1032SILTANZ
COLOR SEMI-PRECIOUS,MTE1075SILBO
COLOR SEMI-PRECIOUS,MTE1225SILSCBCROP
COLOR SEMI-PRECIOUS,MTP1027SILAMY
COLOR SEMI-PRECIOUS,MTP1027SILBT
COLOR SEMI-PRECIOUS,MTP1027SILGARN
COLOR SEMI-PRECIOUS,MTP1030SILBT
COLOR SEMI-PRECIOUS,MTP1157SILBO
COLOR SEMI-PRECIOUS,MTP1217SILSCBCROP
COLOR SEMI-PRECIOUS,MTP1347SILBO
COLOR SEMI-PRECIOUS,MTR1137SILSBT7
COLOR SEMI-PRECIOUS,MTR1419SILSCBCROP7
COLOR SEMI-PRECIOUS,N002271MS
COLOR SEMI-PRECIOUS,N002287BAS
COLOR SEMI-PRECIOUS,N002884CI
COLOR SEMI-PRECIOUS,N002884PE
COLOR SEMI-PRECIOUS,N003010TNW
COLOR SEMI-PRECIOUS,N0942Q9T2SH0
COLOR SEMI-PRECIOUS,N1284YBL
COLOR SEMI-PRECIOUS,N9106ZZMSGJ0
COLOR SEMI-PRECIOUS,N9842ZZMLSJ1
COLOR SEMI-PRECIOUS,P3069TZ
COLOR SEMI-PRECIOUS,P3321TZ
COLOR SEMI-PRECIOUS,P3592TZ
COLOR SEMI-PRECIOUS,P7802ZZMSAJ4
COLOR SEMI-PRECIOUS,P856718MSSJ6
COLOR SEMI-PRECIOUS,PC4598A
COLOR SEMI-PRECIOUS,PC4599A
COLOR SEMI-PRECIOUS,PEE1888SILAMY
COLOR SEMI-PRECIOUS,PEE1889SILBO
COLOR SEMI-PRECIOUS,PEE1889SILSBT
COLOR SEMI-PRECIOUS,PN00736AW
COLOR SEMI-PRECIOUS,PN00788MR
COLOR SEMI-PRECIOUS,PN00788TNW
COLOR SEMI-PRECIOUS,PN01004PE
COLOR SEMI-PRECIOUS,PN01108OP
COLOR SEMI-PRECIOUS,PN01249PE
COLOR SEMI-PRECIOUS,PN01339G
COLOR SEMI-PRECIOUS,PN01339PE
COLOR SEMI-PRECIOUS,PN01353TNW
COLOR SEMI-PRECIOUS,PN01458A
COLOR SEMI-PRECIOUS,PN01458GQ
COLOR SEMI-PRECIOUS,PN01458SQ
COLOR SEMI-PRECIOUS,PN01462BT
COLOR SEMI-PRECIOUS,PN01473AQW
COLOR SEMI-PRECIOUS,PN01493AQW
COLOR SEMI-PRECIOUS,PN01493CI
COLOR SEMI-PRECIOUS,PN01493PE
COLOR SEMI-PRECIOUS,PN01496SQ
COLOR SEMI-PRECIOUS,PN01497MW
COLOR SEMI-PRECIOUS,PN01512AQW
COLOR SEMI-PRECIOUS,PN01512CI
COLOR SEMI-PRECIOUS,PN01522AQW
COLOR SEMI-PRECIOUS,PN01522ERS
COLOR SEMI-PRECIOUS,PN01522MR
COLOR SEMI-PRECIOUS,PN01522TNW
COLOR SEMI-PRECIOUS,PN01533MQ
COLOR SEMI-PRECIOUS,PN01581MR
COLOR SEMI-PRECIOUS,PN01611AQW
COLOR SEMI-PRECIOUS,PN01666BTW
COLOR SEMI-PRECIOUS,PN01666TNW
COLOR SEMI-PRECIOUS,PN01707SQ
COLOR SEMI-PRECIOUS,PN01747AW
COLOR SEMI-PRECIOUS,PN01747BT
COLOR SEMI-PRECIOUS,PN01747G
COLOR SEMI-PRECIOUS,PN01747MQ
COLOR SEMI-PRECIOUS,PN01747OX
COLOR SEMI-PRECIOUS,PN01747PA
COLOR SEMI-PRECIOUS,PN01747PE
COLOR SEMI-PRECIOUS,PN01753OPW
COLOR SEMI-PRECIOUS,PN01753PE
COLOR SEMI-PRECIOUS,PN01769CI
COLOR SEMI-PRECIOUS,PN01769OX
COLOR SEMI-PRECIOUS,PN01842AQW
COLOR SEMI-PRECIOUS,PN01842CI
COLOR SEMI-PRECIOUS,PN01842PA
COLOR SEMI-PRECIOUS,PN01843MQ
COLOR SEMI-PRECIOUS,PN01863MR
COLOR SEMI-PRECIOUS,PN01907BT
COLOR SEMI-PRECIOUS,PN01907CI
COLOR SEMI-PRECIOUS,PN01907G
COLOR SEMI-PRECIOUS,PN01907PA
COLOR SEMI-PRECIOUS,PN01907PE
COLOR SEMI-PRECIOUS,PN01935MS
COLOR SEMI-PRECIOUS,PN01935TNS
COLOR SEMI-PRECIOUS,PN02106TN
COLOR SEMI-PRECIOUS,PN02128MR
COLOR SEMI-PRECIOUS,PN02157OPS
COLOR SEMI-PRECIOUS,PN02202OPW
COLOR SEMI-PRECIOUS,PN02202TNW
COLOR SEMI-PRECIOUS,PN02220PA
COLOR SEMI-PRECIOUS,PN02296PA
COLOR SEMI-PRECIOUS,PN02310TNW
COLOR SEMI-PRECIOUS,PN02337MQ
COLOR SEMI-PRECIOUS,PN02361AQW
COLOR SEMI-PRECIOUS,PN02361BTW
COLOR SEMI-PRECIOUS,PN02361G
COLOR SEMI-PRECIOUS,PN02361PE
COLOR SEMI-PRECIOUS,PN02361SQ
COLOR SEMI-PRECIOUS,PN02368PE
COLOR SEMI-PRECIOUS,PN02377AW
COLOR SEMI-PRECIOUS,PN02407SQ
COLOR SEMI-PRECIOUS,PN02457CI
COLOR SEMI-PRECIOUS,PN02457PA
COLOR SEMI-PRECIOUS,PN02469AQW
COLOR SEMI-PRECIOUS,PN02469AW
COLOR SEMI-PRECIOUS,PN02469BT
COLOR SEMI-PRECIOUS,PN02469G
COLOR SEMI-PRECIOUS,PN02469PE
COLOR SEMI-PRECIOUS,PN02477MQS
COLOR SEMI-PRECIOUS,PN02477OPS
COLOR SEMI-PRECIOUS,PN02496AQS
COLOR SEMI-PRECIOUS,PN02520TNW
COLOR SEMI-PRECIOUS,PN02566G
COLOR SEMI-PRECIOUS,PN02586TNW
COLOR SEMI-PRECIOUS,PN02593AQW
COLOR SEMI-PRECIOUS,PN02593AW
COLOR SEMI-PRECIOUS,PN02593PE
COLOR SEMI-PRECIOUS,PN02607AQW
COLOR SEMI-PRECIOUS,PN02607OPW
COLOR SEMI-PRECIOUS,PN02616AQW
COLOR SEMI-PRECIOUS,PN02616BT
COLOR SEMI-PRECIOUS,PN02616CI
COLOR SEMI-PRECIOUS,PN02616G
COLOR SEMI-PRECIOUS,PN02621AQW
COLOR SEMI-PRECIOUS,PN02621PE
COLOR SEMI-PRECIOUS,PN02629AQW
COLOR SEMI-PRECIOUS,PN02629AW
COLOR SEMI-PRECIOUS,PN02629BTW
COLOR SEMI-PRECIOUS,PN02629G
COLOR SEMI-PRECIOUS,PN02646PA
COLOR SEMI-PRECIOUS,PN02658TNW
COLOR SEMI-PRECIOUS,PN02665SQ
COLOR SEMI-PRECIOUS,PN02720AQW
COLOR SEMI-PRECIOUS,PN02744SQ
COLOR SEMI-PRECIOUS,PN02773MR
COLOR SEMI-PRECIOUS,PN02783OX
COLOR SEMI-PRECIOUS,PN02814MR
COLOR SEMI-PRECIOUS,PN02826TNW
COLOR SEMI-PRECIOUS,PN02840AW
COLOR SEMI-PRECIOUS,PN02840BT
COLOR SEMI-PRECIOUS,PN02840MQ
COLOR SEMI-PRECIOUS,PN02840OX
COLOR SEMI-PRECIOUS,PN02840PA
COLOR SEMI-PRECIOUS,PN02840SQ
COLOR SEMI-PRECIOUS,PN02848G
COLOR SEMI-PRECIOUS,PN02848PE
COLOR SEMI-PRECIOUS,PN02848SQ
COLOR SEMI-PRECIOUS,PN02853PE
COLOR SEMI-PRECIOUS,PN02857AQW
COLOR SEMI-PRECIOUS,PN02857AW
COLOR SEMI-PRECIOUS,PN02860AW
COLOR SEMI-PRECIOUS,PN02860BTW
COLOR SEMI-PRECIOUS,PN02860G
COLOR SEMI-PRECIOUS,PN02879AQW
COLOR SEMI-PRECIOUS,PN02879TNW
COLOR SEMI-PRECIOUS,PN02880AW
COLOR SEMI-PRECIOUS,PN02880BT
COLOR SEMI-PRECIOUS,PN02880G
COLOR SEMI-PRECIOUS,PN02880MR
COLOR SEMI-PRECIOUS,PN02880OPW
COLOR SEMI-PRECIOUS,PN02882SQ
COLOR SEMI-PRECIOUS,PN02902AW
COLOR SEMI-PRECIOUS,PN02902G
COLOR SEMI-PRECIOUS,PN02902PE
COLOR SEMI-PRECIOUS,PN02902SQ
COLOR SEMI-PRECIOUS,PN02905TNW
COLOR SEMI-PRECIOUS,PN02931TNW
COLOR SEMI-PRECIOUS,PYAZSS2AML
COLOR SEMI-PRECIOUS,QE10268BL
COLOR SEMI-PRECIOUS,QE11690BL
COLOR SEMI-PRECIOUS,QN11444BL
COLOR SEMI-PRECIOUS,QP10987BL
COLOR SEMI-PRECIOUS,QR10381BL
COLOR SEMI-PRECIOUS,R0323ZZMXSZ0
COLOR SEMI-PRECIOUS,R0958ZZL6SZ0
COLOR SEMI-PRECIOUS,R4665A5A1EZ0
COLOR SEMI-PRECIOUS,R7000V7A2SZ0
COLOR SEMI-PRECIOUS,RAX1010LBSBK
COLOR SEMI-PRECIOUS,RAX1010MLPNB
COLOR SEMI-PRECIOUS,RAX1026LBTPN
COLOR SEMI-PRECIOUS,RAX102753FML
COLOR SEMI-PRECIOUS,RAX1065FMLBK
COLOR SEMI-PRECIOUS,RAX1065FSTBK
COLOR SEMI-PRECIOUS,RAX1066FSTBK
COLOR SEMI-PRECIOUS,RAX1074FMLBK
COLOR SEMI-PRECIOUS,RAX1075LBSBK
COLOR SEMI-PRECIOUS,RAX1078LBSBK
COLOR SEMI-PRECIOUS,RAX1079A6FMIX
COLOR SEMI-PRECIOUS,RAX1084LBSBK
COLOR SEMI-PRECIOUS,RAX1086FOXBK
COLOR SEMI-PRECIOUS,RAX1086LBSBK
COLOR SEMI-PRECIOUS,RAX10943MLPNSI
COLOR SEMI-PRECIOUS,RAX11055LBLPN
COLOR SEMI-PRECIOUS,RAX11075LBTP
COLOR SEMI-PRECIOUS,RAX11075OXPN
COLOR SEMI-PRECIOUS,RAX11085LBSLBT
COLOR SEMI-PRECIOUS,RAX11085M3PD
COLOR SEMI-PRECIOUS,RAX11435MSP
COLOR SEMI-PRECIOUS,RAX1612Q1WBK
COLOR SEMI-PRECIOUS,RAX181853FOX
COLOR SEMI-PRECIOUS,RAX2118MGZBK
COLOR SEMI-PRECIOUS,RAX2126PMPNB
COLOR SEMI-PRECIOUS,RAX213054MORPN
COLOR SEMI-PRECIOUS,RAX244952FLBSP
COLOR SEMI-PRECIOUS,RAX244953FML
COLOR SEMI-PRECIOUS,RAX250953PMPN
COLOR SEMI-PRECIOUS,RAX251153FCOPP
COLOR SEMI-PRECIOUS,RAX253954MORPN
COLOR SEMI-PRECIOUS,RAX405153LBTPPNCH
COLOR SEMI-PRECIOUS,RAX4058LBSWC
COLOR SEMI-PRECIOUS,RAX4058QKCBK
COLOR SEMI-PRECIOUS,RAX44165GCBK
COLOR SEMI-PRECIOUS,RAX4416CNCBK
COLOR SEMI-PRECIOUS,RAX4416LBSCB
COLOR SEMI-PRECIOUS,RAX4416MLCBK
COLOR SEMI-PRECIOUS,RAX4416QKCBK
COLOR SEMI-PRECIOUS,RAX4519MLCBK
COLOR SEMI-PRECIOUS,RAX4674QKCBK
COLOR SEMI-PRECIOUS,RAX4676LBSCH
COLOR SEMI-PRECIOUS,RAX46789MLCB
COLOR SEMI-PRECIOUS,RAX4975OXCBK
COLOR SEMI-PRECIOUS,RAX4979FMLCB
COLOR SEMI-PRECIOUS,RAX5564COPPB
COLOR SEMI-PRECIOUS,RAX556COPPCB
COLOR SEMI-PRECIOUS,RAX5699MLCBK
COLOR SEMI-PRECIOUS,RAX60113MLBK
COLOR SEMI-PRECIOUS,RAX60129CNBK
COLOR SEMI-PRECIOUS,RAX6299LBSBK
COLOR SEMI-PRECIOUS,RAX6299PD18B
COLOR SEMI-PRECIOUS,RAX670753PD
COLOR SEMI-PRECIOUS,RAX67925LBSP
COLOR SEMI-PRECIOUS,RAX67925MG
COLOR SEMI-PRECIOUS,RAX6962CWPN17
COLOR SEMI-PRECIOUS,RAX69635COPP17
COLOR SEMI-PRECIOUS,RAX69645OXPN17
COLOR SEMI-PRECIOUS,RAX69715M317
COLOR SEMI-PRECIOUS,RAX69735LBTP17
COLOR SEMI-PRECIOUS,RAX7180COPPB
COLOR SEMI-PRECIOUS,RAX7181COPPB
COLOR SEMI-PRECIOUS,RAX7243LBSBK
COLOR SEMI-PRECIOUS,RAX72459MLBK
COLOR SEMI-PRECIOUS,RAX72469CNBK
COLOR SEMI-PRECIOUS,RAX7512PDABB
COLOR SEMI-PRECIOUS,RAX7523STPNB
COLOR SEMI-PRECIOUS,RAX7891LBSBK
COLOR SEMI-PRECIOUS,RAX78925MLBK
COLOR SEMI-PRECIOUS,RAX78935MLBK
COLOR SEMI-PRECIOUS,RAX7912COPPB
COLOR SEMI-PRECIOUS,RAX79135AMLPN
COLOR SEMI-PRECIOUS,RAX796453FAMZL
COLOR SEMI-PRECIOUS,RAX797353FLBT
COLOR SEMI-PRECIOUS,RAX797353FMG
COLOR SEMI-PRECIOUS,RAX797353FST
COLOR SEMI-PRECIOUS,RAX797553FLBTP
COLOR SEMI-PRECIOUS,RAX798553LBLPN
COLOR SEMI-PRECIOUS,RAX798953FLBTP
COLOR SEMI-PRECIOUS,RAX80075LBLPN
COLOR SEMI-PRECIOUS,RAX80505CN
COLOR SEMI-PRECIOUS,RAX80505PM
COLOR SEMI-PRECIOUS,RB45769MLCBK
COLOR SEMI-PRECIOUS,RB45769QKCBK
COLOR SEMI-PRECIOUS,RB4576LBSCBK
COLOR SEMI-PRECIOUS,RB4576PDABCB
COLOR SEMI-PRECIOUS,RB4589COPPCB
COLOR SEMI-PRECIOUS,RB5959LBTCBK
COLOR SEMI-PRECIOUS,RBX4145FMLCB
COLOR SEMI-PRECIOUS,RBX4146PDABC
COLOR SEMI-PRECIOUS,RBX4721MLPCB
COLOR SEMI-PRECIOUS,RBX482553FLBTPCH
COLOR SEMI-PRECIOUS,RBX4826GMTCB
COLOR SEMI-PRECIOUS,RBX4837LBSCH
COLOR SEMI-PRECIOUS,RBX483953FLBTPCH
COLOR SEMI-PRECIOUS,RBX48445BMSPPNCH
COLOR SEMI-PRECIOUS,RBX48515LBLPNCH
COLOR SEMI-PRECIOUS,RBX48535LBTPC18
COLOR SEMI-PRECIOUS,RBX48535OXPNCH
COLOR SEMI-PRECIOUS,RBX4853LBTCH
COLOR SEMI-PRECIOUS,RBX5121COPPC
COLOR SEMI-PRECIOUS,RBX54995LBSCH
COLOR SEMI-PRECIOUS,RBX5554LBTCB
COLOR SEMI-PRECIOUS,RBX5555LBSCB
COLOR SEMI-PRECIOUS,RBX5559CNCBK
COLOR SEMI-PRECIOUS,RBX573153FMORPNCHHZ
COLOR SEMI-PRECIOUS,RBX76365LBTP
COLOR SEMI-PRECIOUS,RBX7638COPPCWPN
COLOR SEMI-PRECIOUS,RBX76615COPPWT
COLOR SEMI-PRECIOUS,RCX429353PMPNCH
COLOR SEMI-PRECIOUS,RCX43145MIXCH
COLOR SEMI-PRECIOUS,RF1244PDWSI
COLOR SEMI-PRECIOUS,RF4109MSPWCZ
COLOR SEMI-PRECIOUS,RH860353G
COLOR SEMI-PRECIOUS,RH8628AMSPZL
COLOR SEMI-PRECIOUS,RJ97805MSPBK
COLOR SEMI-PRECIOUS,RJ97815MLBK
COLOR SEMI-PRECIOUS,RJX1116FSTBK
COLOR SEMI-PRECIOUS,RJX750153AMSP
COLOR SEMI-PRECIOUS,RJX7599A7FOX
COLOR SEMI-PRECIOUS,RJX7599A7LBSPPN
COLOR SEMI-PRECIOUS,RM1575A6LBSW
COLOR SEMI-PRECIOUS,RM1721MORPNB
COLOR SEMI-PRECIOUS,RM17869FQKBK
COLOR SEMI-PRECIOUS,RM2101MORPNB
COLOR SEMI-PRECIOUS,RM2158AMSPBK
COLOR SEMI-PRECIOUS,RM2426FMGZBK
COLOR SEMI-PRECIOUS,RM25179LBSBK
COLOR SEMI-PRECIOUS,RM25599LBSBK
COLOR SEMI-PRECIOUS,RM25609LBSBK
COLOR SEMI-PRECIOUS,RM2661FMSPBK
COLOR SEMI-PRECIOUS,RM272352OX
COLOR SEMI-PRECIOUS,RM27239FCNBK
COLOR SEMI-PRECIOUS,RM27239FMLBK
COLOR SEMI-PRECIOUS,RM2723FLBSBK
COLOR SEMI-PRECIOUS,RM2726FLBSBK
COLOR SEMI-PRECIOUS,RM2728FLBSBK
COLOR SEMI-PRECIOUS,RM27495MLBT
COLOR SEMI-PRECIOUS,RM2749LBSBT
COLOR SEMI-PRECIOUS,RM2831FMSPBK
COLOR SEMI-PRECIOUS,RM2869V3FLBTPPN
COLOR SEMI-PRECIOUS,RM29209FQKBK
COLOR SEMI-PRECIOUS,RM30264QPNBK
COLOR SEMI-PRECIOUS,RM316153FMSP
COLOR SEMI-PRECIOUS,RM3216COPPBK
COLOR SEMI-PRECIOUS,RM32699MLBK
COLOR SEMI-PRECIOUS,RM34655OXWTPN
COLOR SEMI-PRECIOUS,RM3465LBSWTB
COLOR SEMI-PRECIOUS,RM3465QKWTBK
COLOR SEMI-PRECIOUS,RM3485FSTPNB
COLOR SEMI-PRECIOUS,RM34875LBSBK
COLOR SEMI-PRECIOUS,RM3800QKPNBK
COLOR SEMI-PRECIOUS,RM38789FOXBK
COLOR SEMI-PRECIOUS,RM38885LBSBK
COLOR SEMI-PRECIOUS,RM5226A6LBSWCH
COLOR SEMI-PRECIOUS,RM5518MORPNC
COLOR SEMI-PRECIOUS,RM73999QKBK
COLOR SEMI-PRECIOUS,RM74409MORPN
COLOR SEMI-PRECIOUS,RM7443A6LBSW
COLOR SEMI-PRECIOUS,RM7636MORPNB
COLOR SEMI-PRECIOUS,RM82279FQKBK
COLOR SEMI-PRECIOUS,RM8284FLBSBK
COLOR SEMI-PRECIOUS,RM83623PMAM
COLOR SEMI-PRECIOUS,RM84632LBSE
COLOR SEMI-PRECIOUS,RM85559MLBK
COLOR SEMI-PRECIOUS,RM87289FMLBK
COLOR SEMI-PRECIOUS,RM91355COPPWT
COLOR SEMI-PRECIOUS,RN00679G
COLOR SEMI-PRECIOUS,RN00739A
COLOR SEMI-PRECIOUS,RN00739BT
COLOR SEMI-PRECIOUS,RN00739OX
COLOR SEMI-PRECIOUS,RN00739PA
COLOR SEMI-PRECIOUS,RN00739SQ
COLOR SEMI-PRECIOUS,RN00760MR
COLOR SEMI-PRECIOUS,RN00760TNW
COLOR SEMI-PRECIOUS,RN00829AQ1
COLOR SEMI-PRECIOUS,RN00862AQ
COLOR SEMI-PRECIOUS,RN00894BTW
COLOR SEMI-PRECIOUS,RN00998PE
COLOR SEMI-PRECIOUS,RN01457GQ
COLOR SEMI-PRECIOUS,RN01499BT
COLOR SEMI-PRECIOUS,RN01550BT
COLOR SEMI-PRECIOUS,RN01579BTW
COLOR SEMI-PRECIOUS,RN01579OPW
COLOR SEMI-PRECIOUS,RN01735PTW
COLOR SEMI-PRECIOUS,RN01735TNW
COLOR SEMI-PRECIOUS,RN01767MQ
COLOR SEMI-PRECIOUS,RN01767SQ
COLOR SEMI-PRECIOUS,RN01768CI
COLOR SEMI-PRECIOUS,RN01768SQ
COLOR SEMI-PRECIOUS,RN01822AQW
COLOR SEMI-PRECIOUS,RN01822MR
COLOR SEMI-PRECIOUS,RN01841AQW
COLOR SEMI-PRECIOUS,RN01841AW
COLOR SEMI-PRECIOUS,RN01879SQ
COLOR SEMI-PRECIOUS,RN01892AQW
COLOR SEMI-PRECIOUS,RN01892TNW
COLOR SEMI-PRECIOUS,RN01906AQW
COLOR SEMI-PRECIOUS,RN01906BT
COLOR SEMI-PRECIOUS,RN01906CI
COLOR SEMI-PRECIOUS,RN01906G
COLOR SEMI-PRECIOUS,RN01906PA
COLOR SEMI-PRECIOUS,RN01906PE
COLOR SEMI-PRECIOUS,RN01934MS
COLOR SEMI-PRECIOUS,RN01934TNS
COLOR SEMI-PRECIOUS,RN02127MR
COLOR SEMI-PRECIOUS,RN02201AQW
COLOR SEMI-PRECIOUS,RN02201OPW
COLOR SEMI-PRECIOUS,RN02201PE
COLOR SEMI-PRECIOUS,RN02201TNW
COLOR SEMI-PRECIOUS,RN02237AW
COLOR SEMI-PRECIOUS,RN02237BT
COLOR SEMI-PRECIOUS,RN02237MQ
COLOR SEMI-PRECIOUS,RN02237OX
COLOR SEMI-PRECIOUS,RN02258PE
COLOR SEMI-PRECIOUS,RN02293AW
COLOR SEMI-PRECIOUS,RN02293PE
COLOR SEMI-PRECIOUS,RN02293TNW
COLOR SEMI-PRECIOUS,RN02294MR
COLOR SEMI-PRECIOUS,RN02294TNW
COLOR SEMI-PRECIOUS,RN02300MQ
COLOR SEMI-PRECIOUS,RN02374AW
COLOR SEMI-PRECIOUS,RN02374BTW
COLOR SEMI-PRECIOUS,RN02374CI
COLOR SEMI-PRECIOUS,RN02374PA
COLOR SEMI-PRECIOUS,RN02374PE
COLOR SEMI-PRECIOUS,RN02374SQ
COLOR SEMI-PRECIOUS,RN02374TNW
COLOR SEMI-PRECIOUS,RN02422TNW
COLOR SEMI-PRECIOUS,RN02423TNW
COLOR SEMI-PRECIOUS,RN02428AQW
COLOR SEMI-PRECIOUS,RN02428AW
COLOR SEMI-PRECIOUS,RN02428BT
COLOR SEMI-PRECIOUS,RN02428CI
COLOR SEMI-PRECIOUS,RN02428G
COLOR SEMI-PRECIOUS,RN02428OPW
COLOR SEMI-PRECIOUS,RN02428PE
COLOR SEMI-PRECIOUS,RN02428TNW
COLOR SEMI-PRECIOUS,RN02480MQS
COLOR SEMI-PRECIOUS,RN02480OPS
COLOR SEMI-PRECIOUS,RN02495AQS
COLOR SEMI-PRECIOUS,RN02519TNW
COLOR SEMI-PRECIOUS,RN02584AQW
COLOR SEMI-PRECIOUS,RN02585TNW
COLOR SEMI-PRECIOUS,RN02611PE
COLOR SEMI-PRECIOUS,RN02612AQW
COLOR SEMI-PRECIOUS,RN02612BT
COLOR SEMI-PRECIOUS,RN02612CI
COLOR SEMI-PRECIOUS,RN02619AQS
COLOR SEMI-PRECIOUS,RN02619AS
COLOR SEMI-PRECIOUS,RN02619BTS
COLOR SEMI-PRECIOUS,RN02619CIS
COLOR SEMI-PRECIOUS,RN02619GS
COLOR SEMI-PRECIOUS,RN02619MQS
COLOR SEMI-PRECIOUS,RN02619PAS
COLOR SEMI-PRECIOUS,RN02619PES
COLOR SEMI-PRECIOUS,RN02626AS
COLOR SEMI-PRECIOUS,RN02626TNS
COLOR SEMI-PRECIOUS,RN02628AQW
COLOR SEMI-PRECIOUS,RN02628BTW
COLOR SEMI-PRECIOUS,RN02628G
COLOR SEMI-PRECIOUS,RN02628TNW
COLOR SEMI-PRECIOUS,RN02634AW
COLOR SEMI-PRECIOUS,RN02634BT
COLOR SEMI-PRECIOUS,RN02634CI
COLOR SEMI-PRECIOUS,RN02634G
COLOR SEMI-PRECIOUS,RN02640AQW
COLOR SEMI-PRECIOUS,RN02640BTW
COLOR SEMI-PRECIOUS,RN02640OPW
COLOR SEMI-PRECIOUS,RN02645G
COLOR SEMI-PRECIOUS,RN02645PA
COLOR SEMI-PRECIOUS,RN02645PE
COLOR SEMI-PRECIOUS,RN02657TNW
COLOR SEMI-PRECIOUS,RN02667PA
COLOR SEMI-PRECIOUS,RN02674TNW
COLOR SEMI-PRECIOUS,RN02719AQW
COLOR SEMI-PRECIOUS,RN02743SQ
COLOR SEMI-PRECIOUS,RN02772AQW
COLOR SEMI-PRECIOUS,RN02772MR
COLOR SEMI-PRECIOUS,RN02782OX
COLOR SEMI-PRECIOUS,RN02782SQ
COLOR SEMI-PRECIOUS,RN02795MR
COLOR SEMI-PRECIOUS,RN02799TN
COLOR SEMI-PRECIOUS,RN02830AW
COLOR SEMI-PRECIOUS,RN02830BT
COLOR SEMI-PRECIOUS,RN02830CI
COLOR SEMI-PRECIOUS,RN02830MQ
COLOR SEMI-PRECIOUS,RN02830OX
COLOR SEMI-PRECIOUS,RN02830PA
COLOR SEMI-PRECIOUS,RN02830SQ
COLOR SEMI-PRECIOUS,RN02832MR
COLOR SEMI-PRECIOUS,RN02852PE
COLOR SEMI-PRECIOUS,RN02855TNW
COLOR SEMI-PRECIOUS,RN02856AQW
COLOR SEMI-PRECIOUS,RN02856AW
COLOR SEMI-PRECIOUS,RN02856G
COLOR SEMI-PRECIOUS,RN02859AW
COLOR SEMI-PRECIOUS,RN02859BTW
COLOR SEMI-PRECIOUS,RN02859G
COLOR SEMI-PRECIOUS,RN02865OX
COLOR SEMI-PRECIOUS,RN02869MR
COLOR SEMI-PRECIOUS,RN02878TNW
COLOR SEMI-PRECIOUS,RN02904TNW
COLOR SEMI-PRECIOUS,RN03006A
COLOR SEMI-PRECIOUS,RN03006G
COLOR SEMI-PRECIOUS,RN03006SQ
COLOR SEMI-PRECIOUS,RW235059CNBK
COLOR SEMI-PRECIOUS,RW235059QKBK
COLOR SEMI-PRECIOUS,RW23509MLBK
COLOR SEMI-PRECIOUS,RW23509MLWBK
COLOR SEMI-PRECIOUS,RW23509OXBK
COLOR SEMI-PRECIOUS,RW2350FLBSBK
COLOR SEMI-PRECIOUS,RW81789LBSBK
COLOR SEMI-PRECIOUS,RW8178PDABWB
COLOR SEMI-PRECIOUS,RW8179COPPBK
COLOR SEMI-PRECIOUS,RW87939QKBK
COLOR SEMI-PRECIOUS,RYX1322A6FOX
COLOR SEMI-PRECIOUS,SAX13145CN
COLOR SEMI-PRECIOUS,SAX1400MIXBK
COLOR SEMI-PRECIOUS,SAX14489STBK
COLOR SEMI-PRECIOUS,SAX19355WTLT
COLOR SEMI-PRECIOUS,SAX202453M3
COLOR SEMI-PRECIOUS,SAX21809M3LT
COLOR SEMI-PRECIOUS,SAX4523MSPCB
COLOR SEMI-PRECIOUS,SAX52523CSPCHLZ
COLOR SEMI-PRECIOUS,SAX5268LBSCB
COLOR SEMI-PRECIOUS,SAX55959LBSPCKL
COLOR SEMI-PRECIOUS,SAX568959PMMLCHKL
COLOR SEMI-PRECIOUS,SAX5848CNWTC
COLOR SEMI-PRECIOUS,SAX5849MSPBK
COLOR SEMI-PRECIOUS,SAX630453LBSSI
COLOR SEMI-PRECIOUS,SAX6304LBSBK
COLOR SEMI-PRECIOUS,SAX69795CW
COLOR SEMI-PRECIOUS,SAX7229Q37COPPSI
COLOR SEMI-PRECIOUS,SAX7242MSPBK
COLOR SEMI-PRECIOUS,SAX72979CNBK
COLOR SEMI-PRECIOUS,SAX7367CNWTB
COLOR SEMI-PRECIOUS,SAX7368MLWT
COLOR SEMI-PRECIOUS,SAX849153AML
COLOR SEMI-PRECIOUS,SAX849153LBS
COLOR SEMI-PRECIOUS,SAX849153PQ
COLOR SEMI-PRECIOUS,SAX849353GMT
COLOR SEMI-PRECIOUS,SAX849453COPP
COLOR SEMI-PRECIOUS,SAX865459FAMIXKL
COLOR SEMI-PRECIOUS,SAX87125LBSPWT
COLOR SEMI-PRECIOUS,SAX87125OXWT
COLOR SEMI-PRECIOUS,SAX88333MLLT
COLOR SEMI-PRECIOUS,SB41103LBSC18HLZ
COLOR SEMI-PRECIOUS,SB4465AMSCBK
COLOR SEMI-PRECIOUS,SB4465MSPCAM
COLOR SEMI-PRECIOUS,SB4465MSPCHZ
COLOR SEMI-PRECIOUS,SB5068AOQCD
COLOR SEMI-PRECIOUS,SB5232MIXKM18
COLOR SEMI-PRECIOUS,SB595353GCHD
COLOR SEMI-PRECIOUS,SBX418253LBSCSI
COLOR SEMI-PRECIOUS,SBX4402MIXCB
COLOR SEMI-PRECIOUS,SBX4480COPPC
COLOR SEMI-PRECIOUS,SBX4553LBTCB
COLOR SEMI-PRECIOUS,SBX4567STCBK
COLOR SEMI-PRECIOUS,SBX4697MLCBK
COLOR SEMI-PRECIOUS,SBX4699AMSCB
COLOR SEMI-PRECIOUS,SBX4705MSPCB
COLOR SEMI-PRECIOUS,SBX4739COPCB
COLOR SEMI-PRECIOUS,SBX4754COPPCB
COLOR SEMI-PRECIOUS,SBX508653LBS
COLOR SEMI-PRECIOUS,SBX5086MLCBK
COLOR SEMI-PRECIOUS,SBX5086PQCBK
COLOR SEMI-PRECIOUS,SBX5088GMTCB
COLOR SEMI-PRECIOUS,SBX5089COPPC
COLOR SEMI-PRECIOUS,SBX5090MSPCB
COLOR SEMI-PRECIOUS,SBX50915MSP
COLOR SEMI-PRECIOUS,SBX50925MSP
COLOR SEMI-PRECIOUS,SBX536853MIX
COLOR SEMI-PRECIOUS,SBX536859MIXCHKL
COLOR SEMI-PRECIOUS,SBX590353LBSP
COLOR SEMI-PRECIOUS,SBX590353M3
COLOR SEMI-PRECIOUS,SBX72865FM3WT
COLOR SEMI-PRECIOUS,SBX74695NEMWCZ
COLOR SEMI-PRECIOUS,SBX76505CW
COLOR SEMI-PRECIOUS,SF4150MIXCSI
COLOR SEMI-PRECIOUS,SH69743CE2SI
COLOR SEMI-PRECIOUS,SH9642EMSPLT
COLOR SEMI-PRECIOUS,SJ939353OXBK
COLOR SEMI-PRECIOUS,SJ95285CSPCW
COLOR SEMI-PRECIOUS,SJ971953ML
COLOR SEMI-PRECIOUS,SJ9819LBSWTB
COLOR SEMI-PRECIOUS,SJ98339LBSBK
COLOR SEMI-PRECIOUS,SJ99375CWKL
COLOR SEMI-PRECIOUS,SJX1025CNCWB
COLOR SEMI-PRECIOUS,SJX13975OXCWBK
COLOR SEMI-PRECIOUS,SJX14005COPPCW
COLOR SEMI-PRECIOUS,SJX15235COPPCW
COLOR SEMI-PRECIOUS,SJX1567MIXBK
COLOR SEMI-PRECIOUS,SJX16035CRWCZ
COLOR SEMI-PRECIOUS,SJX17575CSWCZ
COLOR SEMI-PRECIOUS,SJX40225STCW
COLOR SEMI-PRECIOUS,SJX4022MXCBK
COLOR SEMI-PRECIOUS,SJX4022QKCWC
COLOR SEMI-PRECIOUS,SJX40895COPPCW
COLOR SEMI-PRECIOUS,SJX4091MIXCB
COLOR SEMI-PRECIOUS,SJX4091OXWTC
COLOR SEMI-PRECIOUS,SJX41655CSCWCE
COLOR SEMI-PRECIOUS,SJX4294MXCBK
COLOR SEMI-PRECIOUS,SJX43345MSPCH
COLOR SEMI-PRECIOUS,SJX44195CRWCZCH
COLOR SEMI-PRECIOUS,SJX4563WTCLT
COLOR SEMI-PRECIOUS,SJX45865FRPDCH
COLOR SEMI-PRECIOUS,SJX46675MIXC18
COLOR SEMI-PRECIOUS,SJX46725FNANCH
COLOR SEMI-PRECIOUS,SJX70095CNCW
COLOR SEMI-PRECIOUS,SJX70095LBSCW
COLOR SEMI-PRECIOUS,SJX70095MLCW
COLOR SEMI-PRECIOUS,SJX70095PQCW
COLOR SEMI-PRECIOUS,SJX70095STCW
COLOR SEMI-PRECIOUS,SJX71155CRWCZ
COLOR SEMI-PRECIOUS,SJX71245LBLWCZ
COLOR SEMI-PRECIOUS,SJX72085COPPWCZ
COLOR SEMI-PRECIOUS,SJX7273MIXBK
COLOR SEMI-PRECIOUS,SJX73535CRWCZ
COLOR SEMI-PRECIOUS,SJX75245AMIX
COLOR SEMI-PRECIOUS,SJX91255AMSP
COLOR SEMI-PRECIOUS,SM11035LBSWT
COLOR SEMI-PRECIOUS,SM116153AML
COLOR SEMI-PRECIOUS,SM1441FAOXBK
COLOR SEMI-PRECIOUS,SM21383COPPHLZ
COLOR SEMI-PRECIOUS,SM23803MTGBT
COLOR SEMI-PRECIOUS,SM23873PMML
COLOR SEMI-PRECIOUS,SM24189LBSBK
COLOR SEMI-PRECIOUS,SM253053OXBK
COLOR SEMI-PRECIOUS,SM25563COPPB
COLOR SEMI-PRECIOUS,SM260753OXRS
COLOR SEMI-PRECIOUS,SM266453ML
COLOR SEMI-PRECIOUS,SM34555LBSPWT6KL
COLOR SEMI-PRECIOUS,SM34555LBSPWT8KL
COLOR SEMI-PRECIOUS,SM34555MSPBK
COLOR SEMI-PRECIOUS,SM3458LBSWTB
COLOR SEMI-PRECIOUS,SM348959CNBK
COLOR SEMI-PRECIOUS,SM348959MLBK
COLOR SEMI-PRECIOUS,SM348959STBK
COLOR SEMI-PRECIOUS,SM3489PDABBK
COLOR SEMI-PRECIOUS,SM349153ML
COLOR SEMI-PRECIOUS,SM34929LBSBK
COLOR SEMI-PRECIOUS,SM35535CW6J
COLOR SEMI-PRECIOUS,SM3812LBSWTB
COLOR SEMI-PRECIOUS,SM38159LBTBK
COLOR SEMI-PRECIOUS,SM3816COPPBK
COLOR SEMI-PRECIOUS,SM38993LBSBK
COLOR SEMI-PRECIOUS,SM4241MIXCHZ
COLOR SEMI-PRECIOUS,SM427652MLCH
COLOR SEMI-PRECIOUS,SM4472COPPCWCH
COLOR SEMI-PRECIOUS,SM4805FBSC18
COLOR SEMI-PRECIOUS,SM4907MCGWCL
COLOR SEMI-PRECIOUS,SM5179MLPMCB
COLOR SEMI-PRECIOUS,SM56603LBSCAM
COLOR SEMI-PRECIOUS,SM7172FEBL
COLOR SEMI-PRECIOUS,SM7173FEML
COLOR SEMI-PRECIOUS,SM7179LBTSBK
COLOR SEMI-PRECIOUS,SM7242FAOXBK
COLOR SEMI-PRECIOUS,SM73663MIXBT
COLOR SEMI-PRECIOUS,SM73664OP1LBSSC
COLOR SEMI-PRECIOUS,SM75355AOXBK
COLOR SEMI-PRECIOUS,SM8249COPPBT
COLOR SEMI-PRECIOUS,SM84855CWAM
COLOR SEMI-PRECIOUS,SM89803CSPHLZ
COLOR SEMI-PRECIOUS,SM91305CW
COLOR SEMI-PRECIOUS,SN4194Q37MSPCI
COLOR SEMI-PRECIOUS,SN57262LBSCA
COLOR SEMI-PRECIOUS,SN5901DSWTCB
COLOR SEMI-PRECIOUS,SSN35733ON07
COLOR SEMI-PRECIOUS,SW1284FDPBSI
COLOR SEMI-PRECIOUS,SW2061FMSPSI
COLOR SEMI-PRECIOUS,SW2279FBMSPI
COLOR SEMI-PRECIOUS,SW249053RQLT
COLOR SEMI-PRECIOUS,SW4599FMSPCE
COLOR SEMI-PRECIOUS,SW46203BSCBT
COLOR SEMI-PRECIOUS,SW47903MLCBT
COLOR SEMI-PRECIOUS,SW5482CSPCBT
COLOR SEMI-PRECIOUS,SW75623LBSHLZ
COLOR SEMI-PRECIOUS,SW768353BTSD
COLOR SEMI-PRECIOUS,SW788253OXLT
COLOR SEMI-PRECIOUS,SW7981COPPCW
COLOR SEMI-PRECIOUS,SW8511AMIXBT
COLOR SEMI-PRECIOUS,SW8848BSWTAF
COLOR SEMI-PRECIOUS,SW8912MSPBT
COLOR SEMI-PRECIOUS,SYX905853ST
COLOR SEMI-PRECIOUS,SYX90605LBSPWT
COLOR SEMI-PRECIOUS,SYX90605MGWT
COLOR SEMI-PRECIOUS,SZ5164AMSPCP
COLOR SEMI-PRECIOUS,SZ5164MIXD
COLOR SEMI-PRECIOUS,SZ628253MLP
COLOR SEMI-PRECIOUS,SZ890352COPPKL
COLOR SEMI-PRECIOUS,W22TZ
COLOR SEMI-PRECIOUS,W3374TZ
COLOR SEMI-PRECIOUS,W3575TZ
COLOR SEMI-PRECIOUS,W3696TZ
COLOR SEMI-PRECIOUS,W3749TZ
COLOR SEMI-PRECIOUS,W3762TZ
COLOR SEMI-PRECIOUS,WC1541
COLOR SEMI-PRECIOUS,WC203TZ
COLOR SEMI-PRECIOUS,WC2236B
COLOR SEMI-PRECIOUS,WC2566A
COLOR SEMI-PRECIOUS,WC2779M
COLOR SEMI-PRECIOUS,WC3218X
COLOR SEMI-PRECIOUS,WC5114
COLOR SEMI-PRECIOUS,WCE490Z
COLOR SEMI-PRECIOUS,WCP215Z
COLOR SEMI-PRECIOUS,WE22PZ
COLOR SEMI-PRECIOUS,WE3224Z
COLOR SEMI-PRECIOUS,WP3321Z
COLOR SEMI-PRECIOUS,82733ZZL6SJ0
COLOR SEMI-PRECIOUS,58340OP15
COLOR SEMI-PRECIOUS,AX67925LBSP18
COLOR SEMI-PRECIOUS,M71862MORPNE
COLOR SEMI-PRECIOUS,RAX108453FPDP
COLOR SEMI-PRECIOUS,RAX719852GKL
COLOR SEMI-PRECIOUS,RBX542753LBTPPNHLZ
COLOR SEMI-PRECIOUS,RM8419A5MIXE
COLOR SEMI-PRECIOUS,CA2774F1LDAG0
COLOR SEMI-PRECIOUS,CA4960F1H9SN0
COLOR SEMI-PRECIOUS,CA5059F1A5AG0
COLOR SEMI-PRECIOUS,CA4329X1ZZAZ0
COLOR SEMI-PRECIOUS,CA4719X0ZZAZ0
COLOR SEMI-PRECIOUS,CA5001Q2A6DZ0
COLOR SEMI-PRECIOUS,CA5075Q2A7DZ0
COLOR SEMI-PRECIOUS,ESRBX4174MSM18
COLOR SEMI-PRECIOUS,ESRW11822MTTMR7
COLOR SEMI-PRECIOUS,ESRW11822PQMR7
COLOR SEMI-PRECIOUS,ESRW1182GMRT
COLOR SEMI-PRECIOUS,ESRW4517PDMR18
COLOR SEMI-PRECIOUS,PCZI357DS3
COLOR SEMI-PRECIOUS,CA2331G2A7BG0
COLOR SEMI-PRECIOUS,CA5011C4H6AG1
DIAMOND GOLD,00101A6ZZSG0
DIAMOND GOLD,00118VCZZAG1
DIAMOND GOLD,00118VCZZDG1
DIAMOND GOLD,00118VCZZGG1
DIAMOND GOLD,00176VCCCAG0
DIAMOND GOLD,00176VCCCDG0
DIAMOND GOLD,00176VCCCGG0
DIAMOND GOLD,03398A5ZZDG0
DIAMOND GOLD,07888A616SG0
DIAMOND GOLD,146051R
DIAMOND GOLD,1C2380X
DIAMOND GOLD,2212E
DIAMOND GOLD,2234M
DIAMOND GOLD,2526M
DIAMOND GOLD,2804M
DIAMOND GOLD,30483ZSZ4GG0
DIAMOND GOLD,30645CSZZEG0
DIAMOND GOLD,30842ZSZZNG0
DIAMOND GOLD,30843ZSZZDG0
DIAMOND GOLD,30844ZSZZDG0
DIAMOND GOLD,30845ZSZ4NG0
DIAMOND GOLD,31004Z214EG0
DIAMOND GOLD,34595Z3Z3GG0
DIAMOND GOLD,34626A616GG0
DIAMOND GOLD,34637Z4ZZAG0
DIAMOND GOLD,34637Z4ZZGG0
DIAMOND GOLD,38098A6ZZSG0
DIAMOND GOLD,38142A616DG0
DIAMOND GOLD,39726A616NG0
DIAMOND GOLD,39997A616SG0
DIAMOND GOLD,81050A616DJ2
DIAMOND GOLD,81369HDZZDJ1
DIAMOND GOLD,82123A616AJ3
DIAMOND GOLD,85022A414EJ1
DIAMOND GOLD,86013H6ZZDJ1
DIAMOND GOLD,86177VCCCDJ1
DIAMOND GOLD,86467Z4ZZAJ2
DIAMOND GOLD,885ST
DIAMOND GOLD,89980A4ZZPJ3
DIAMOND GOLD,90011A516DE0
DIAMOND GOLD,90028A516DI0
DIAMOND GOLD,90030A516DE0
DIAMOND GOLD,90030A516DI0
DIAMOND GOLD,90030A516DK0
DIAMOND GOLD,9003914ZZEG0
DIAMOND GOLD,90124Z3Z3EG0
DIAMOND GOLD,90125Z4Z4AG0
DIAMOND GOLD,90125Z4Z4AG1
DIAMOND GOLD,90125Z4Z4GG0
DIAMOND GOLD,90141Z2Z2BG0
DIAMOND GOLD,90151Z215BE0
DIAMOND GOLD,90151Z215EK0
DIAMOND GOLD,90164Z215EG0
DIAMOND GOLD,90177A6ZZDG0
DIAMOND GOLD,902451210EG0
DIAMOND GOLD,90283Z2Z2EE0
DIAMOND GOLD,90290Z2Z2EG0
DIAMOND GOLD,90317Z3Z3DG0
DIAMOND GOLD,90421CS15EG0
DIAMOND GOLD,90704HCHCHG0
DIAMOND GOLD,90749ZSZSDG0
DIAMOND GOLD,90749ZSZSGG1
DIAMOND GOLD,90759ZSZ4GG1
DIAMOND GOLD,90920HCSCBG0
DIAMOND GOLD,91010HB14EG0
DIAMOND GOLD,9107116ZZDG0
DIAMOND GOLD,91083HBHBNG0
DIAMOND GOLD,91147A616EG0
DIAMOND GOLD,91165HCHCHE0
DIAMOND GOLD,91165HCHCHG0
DIAMOND GOLD,91167A51ADG0
DIAMOND GOLD,91198A516AC0
DIAMOND GOLD,91198A516AE0
DIAMOND GOLD,91198A516DC0
DIAMOND GOLD,91198Z3Z3DG0
DIAMOND GOLD,91211Z3Z3EG0
DIAMOND GOLD,91306Z214EG0
DIAMOND GOLD,913151616AG0
DIAMOND GOLD,913151616DG0
DIAMOND GOLD,913161616AG0
DIAMOND GOLD,913161616DC0
DIAMOND GOLD,913161616DE0
DIAMOND GOLD,913161616DG0
DIAMOND GOLD,913161616DH0
DIAMOND GOLD,913161616DI0
DIAMOND GOLD,91410Z3Z3GG0
DIAMOND GOLD,91416Z3Z3DE0
DIAMOND GOLD,91416Z3Z3DG0
DIAMOND GOLD,91426Z2Z2EE0
DIAMOND GOLD,91436Z214BG0
DIAMOND GOLD,91441HCHCEG0
DIAMOND GOLD,91445A516DE0
DIAMOND GOLD,91456ZSZ4GG0
DIAMOND GOLD,91473Z2Z2PG0
DIAMOND GOLD,91679A515DG0
DIAMOND GOLD,91687HBZZEG0
DIAMOND GOLD,91688HB14EG0
DIAMOND GOLD,91690A514EG0
DIAMOND GOLD,91691ZBZBAG0
DIAMOND GOLD,91692ZBZBAD0
DIAMOND GOLD,91692ZBZBDD0
DIAMOND GOLD,91692ZBZBDG0
DIAMOND GOLD,917171210PG1
DIAMOND GOLD,91719Z4Z4DG0
DIAMOND GOLD,91731ZBZBDG0
DIAMOND GOLD,91732ZBZBDG0
DIAMOND GOLD,91815Z2KJPC0
DIAMOND GOLD,91862A516AC0
DIAMOND GOLD,91862A516AK0
DIAMOND GOLD,91863HBHBAG0
DIAMOND GOLD,918701414EG0
DIAMOND GOLD,91883Z3Z3NG0
DIAMOND GOLD,91968Z3Z3BG0
DIAMOND GOLD,92057A616DG0
DIAMOND GOLD,921031210EG1
DIAMOND GOLD,921031212EG1
DIAMOND GOLD,921611212PG0
DIAMOND GOLD,921741A1AAG0
DIAMOND GOLD,93119A516DC0
DIAMOND GOLD,93119A516DE0
DIAMOND GOLD,93119A516DI0
DIAMOND GOLD,93119A516DK0
DIAMOND GOLD,93181A617DG0
DIAMOND GOLD,93953CS1AEG0
DIAMOND GOLD,93955A414EG0
DIAMOND GOLD,93973ZBZBEG0
DIAMOND GOLD,93983MDZZHE0
DIAMOND GOLD,94003A516GG0
DIAMOND GOLD,94008Z3Z3GG0
DIAMOND GOLD,94015Z214PG1
DIAMOND GOLD,94021ZBZBHG0
DIAMOND GOLD,94097Z3Z3GG0
DIAMOND GOLD,94104Z3Z3DG0
DIAMOND GOLD,94158ZBZBDG0
DIAMOND GOLD,941751212EG0
DIAMOND GOLD,942161210EG1
DIAMOND GOLD,942321210EG0
DIAMOND GOLD,94260Z3ZZAG0
DIAMOND GOLD,94264Z2Z2EG0
DIAMOND GOLD,943221212EG1
DIAMOND GOLD,943431A1AEG0
DIAMOND GOLD,94392Z3Z3DG0
DIAMOND GOLD,94423Z3Z3NG1
DIAMOND GOLD,944371515BG0
DIAMOND GOLD,944891616DE0
DIAMOND GOLD,945001515EG0
DIAMOND GOLD,94548Z212BG0
DIAMOND GOLD,94550Z3Z3EG0
DIAMOND GOLD,94599ZSZ4DE0
DIAMOND GOLD,94621Z3Z3GG0
DIAMOND GOLD,94628Z3Z3GG0
DIAMOND GOLD,94697A516DC0
DIAMOND GOLD,94736Z214AG0
DIAMOND GOLD,94737HB14EG0
DIAMOND GOLD,94746Z3Z3HG0
DIAMOND GOLD,94780A516AG0
DIAMOND GOLD,94780A516DC0
DIAMOND GOLD,94780A516DE0
DIAMOND GOLD,94780A516DI0
DIAMOND GOLD,94780A516DK0
DIAMOND GOLD,94919HDHDDG0
DIAMOND GOLD,94928HB14HG1
DIAMOND GOLD,94985HHHCEG0
DIAMOND GOLD,95031A516DE1
DIAMOND GOLD,9505414HBEG0
DIAMOND GOLD,95116Z214EG0
DIAMOND GOLD,96490Z4BDGG0
DIAMOND GOLD,96589A516DE0
DIAMOND GOLD,96608HB14EG1
DIAMOND GOLD,96609A5ZZDC0
DIAMOND GOLD,96618HCHCEG0
DIAMOND GOLD,96640Z3Z3BG1
DIAMOND GOLD,97758A617DG0
DIAMOND GOLD,97780Z3Z3EG0
DIAMOND GOLD,97792Z2Z7BG0
DIAMOND GOLD,98010HB14EG0
DIAMOND GOLD,98080A515EG0
DIAMOND GOLD,98110Z2Z7HG0
DIAMOND GOLD,99241HCSCEG0
DIAMOND GOLD,99768Z4Z4AG0
DIAMOND GOLD,99768Z4Z4AI0
DIAMOND GOLD,997691616EG1
DIAMOND GOLD,99815Z7SCEG0
DIAMOND GOLD,A07461KZZEG0
DIAMOND GOLD,A0790ZAZZEG0
DIAMOND GOLD,A09561KZZEC0
DIAMOND GOLD,A0956Z2ZZBG0
DIAMOND GOLD,A0956ZAZZBG0
DIAMOND GOLD,A0956ZAZZEG0
DIAMOND GOLD,A115915ZZED0
DIAMOND GOLD,A1159Z2Z2EG0
DIAMOND GOLD,A13151616DG0
DIAMOND GOLD,A27501K1KEB0
DIAMOND GOLD,A27501KZAEG0
DIAMOND GOLD,A2750Z2Z2EC0
DIAMOND GOLD,A2750Z2Z2EG0
DIAMOND GOLD,A3107Z2Z2BG0
DIAMOND GOLD,A38821515EG0
DIAMOND GOLD,A4461Z3ZZDG0
DIAMOND GOLD,A79661AZZDG0
DIAMOND GOLD,A8004A617DG0
DIAMOND GOLD,A80071717DG0
DIAMOND GOLD,A8008A617DG0
DIAMOND GOLD,A8085HCZZEG0
DIAMOND GOLD,A8087ZBZBGG0
DIAMOND GOLD,A88331A1AEG0
DIAMOND GOLD,A8834Z3Z3DG0
DIAMOND GOLD,A97221515EG0
DIAMOND GOLD,A9728ZBZZAG0
DIAMOND GOLD,A9758VCCCDG0
DIAMOND GOLD,A976415Z3AG0
DIAMOND GOLD,A9898H6ZZDG2
DIAMOND GOLD,A9900VCZZGG0
DIAMOND GOLD,ADJC5183V10000001
DIAMOND GOLD,ADJC5183V10000159
DIAMOND GOLD,ADJC5183V10000412
DIAMOND GOLD,ADJC5183V10001634
DIAMOND GOLD,ADJC5183V10004342
DIAMOND GOLD,ADJC5183V10004832
DIAMOND GOLD,ADJC5183V10005150
DIAMOND GOLD,ADJC5183V10005600
DIAMOND GOLD,ADJC5183V10006183
DIAMOND GOLD,ADJC5183V10006186
DIAMOND GOLD,ADJC5183V10007965
DIAMOND GOLD,ADJC5183V5400351
DIAMOND GOLD,ADJC5183V5400354
DIAMOND GOLD,ADJC5183V5400357
DIAMOND GOLD,ADJC5183V5400360
DIAMOND GOLD,ADJC5183V5400361
DIAMOND GOLD,ADJC5183V5400367
DIAMOND GOLD,ADJC5183V5400368
DIAMOND GOLD,ADJC5183V5400370
DIAMOND GOLD,ADJC5183V5400373
DIAMOND GOLD,ADJC5183V5400377
DIAMOND GOLD,ADJC5183V5400381
DIAMOND GOLD,ADJC5183V5400384
DIAMOND GOLD,ADJC5183V5400386
DIAMOND GOLD,ADJC5183V5400387
DIAMOND GOLD,ADJC5183V5400388
DIAMOND GOLD,ADJC5183V5400397
DIAMOND GOLD,ADJD549V10006186
DIAMOND GOLD,AER10604
DIAMOND GOLD,AER11677
DIAMOND GOLD,AJE5502WB14
DIAMOND GOLD,AJE5776WB10
DIAMOND GOLD,AJE6033SILSC
DIAMOND GOLD,AJE8186WN10
DIAMOND GOLD,AJE8187YN10
DIAMOND GOLD,AJP5996WB10
DIAMOND GOLD,AJP6995WSC10
DIAMOND GOLD,AJP7161YN10
DIAMOND GOLD,AJP7478WB10
DIAMOND GOLD,AJP7744YNSC10
DIAMOND GOLD,AJP7933WSC10
DIAMOND GOLD,AJP8167YNSC10
DIAMOND GOLD,AJR16824PNSC107
DIAMOND GOLD,AJR19564YNSC107
DIAMOND GOLD,AJR20514WSC107
DIAMOND GOLD,AJR20690WSC107
DIAMOND GOLD,AJR21118WNSC107
DIAMOND GOLD,AJR23477YN107
DIAMOND GOLD,AJR23493WN107
DIAMOND GOLD,AJR23498PSC107
DIAMOND GOLD,AJR23613YN107
DIAMOND GOLD,AJR24259YB107
DIAMOND GOLD,AX13474WSC
DIAMOND GOLD,AX54543FCHBK
DIAMOND GOLD,AX60714W
DIAMOND GOLD,AX73814WBK
DIAMOND GOLD,AX73824W
DIAMOND GOLD,AX73844W
DIAMOND GOLD,AX75824SC
DIAMOND GOLD,B5050A
DIAMOND GOLD,B51238WE7
DIAMOND GOLD,B51557WE7
DIAMOND GOLD,B51958WDE7
DIAMOND GOLD,B58143WLT
DIAMOND GOLD,BA1014ZZ14PG0
DIAMOND GOLD,BA1052HB14EG0
DIAMOND GOLD,BA1064HBMTPG0
DIAMOND GOLD,BA1113ZZZ4AG0
DIAMOND GOLD,BA11211414EG0
DIAMOND GOLD,BA1140Z2Z7HG0
DIAMOND GOLD,BA1210Z2Z7HGT
DIAMOND GOLD,BA1218A516AE0
DIAMOND GOLD,BA1218A516DC0
DIAMOND GOLD,BA1218A516DE0
DIAMOND GOLD,BA1218A516DI0
DIAMOND GOLD,BA1299ZZ14BE0
DIAMOND GOLD,BA1375LD22EG0
DIAMOND GOLD,BA1489LD22EG0
DIAMOND GOLD,BA1640A516DC0
DIAMOND GOLD,BA1640A516DI0
DIAMOND GOLD,BA1640A516DK0
DIAMOND GOLD,BA1683LD22EG0
DIAMOND GOLD,BA1722Z3Z3EG0
DIAMOND GOLD,BA1832A516DC2
DIAMOND GOLD,BA1832A516DE2
DIAMOND GOLD,BA18881212EG0
DIAMOND GOLD,BA20681616DC0
DIAMOND GOLD,BA20681616DE0
DIAMOND GOLD,BA20681616DI0
DIAMOND GOLD,BA2070A516DC0
DIAMOND GOLD,BA2072A516DC0
DIAMOND GOLD,BA2072A516DE0
DIAMOND GOLD,BA2375A516DE0
DIAMOND GOLD,BA2376A516DC0
DIAMOND GOLD,BA2784A515DG0
DIAMOND GOLD,BA2791ZZ1ADG0
DIAMOND GOLD,BBH936CSSN5
DIAMOND GOLD,BGB10053W
DIAMOND GOLD,BGB10053Y
DIAMOND GOLD,BS12560REW
DIAMOND GOLD,BS13183P
DIAMOND GOLD,BS13372R65
DIAMOND GOLD,BS13718P
DIAMOND GOLD,BS14369R
DIAMOND GOLD,BS14374P50
DIAMOND GOLD,BS14374R50
DIAMOND GOLD,BS14380R
DIAMOND GOLD,BS14599R50
DIAMOND GOLD,BS14603E10
DIAMOND GOLD,BS14603E50
DIAMOND GOLD,BS25875R
DIAMOND GOLD,BX56274FCHSC
DIAMOND GOLD,BX56294WCHSC
DIAMOND GOLD,BX58864WCHSC
DIAMOND GOLD,BX75764W
DIAMOND GOLD,BX7577BDPN
DIAMOND GOLD,BX75784F9
DIAMOND GOLD,BX75784W
DIAMOND GOLD,BX7579BDPN
DIAMOND GOLD,BX76204F9
DIAMOND GOLD,BX76204W
DIAMOND GOLD,C166
DIAMOND GOLD,C3870V
DIAMOND GOLD,C3872V
DIAMOND GOLD,C4104V
DIAMOND GOLD,C4420V
DIAMOND GOLD,C4434V
DIAMOND GOLD,C5183V5409999
DIAMOND GOLD,C6289V
DIAMOND GOLD,C6684D
DIAMOND GOLD,C719
DIAMOND GOLD,CA1630G2Z3HG0
DIAMOND GOLD,CA1699B3Z3EG0
DIAMOND GOLD,CDP1002B8RW10
DIAMOND GOLD,CJR0178W
DIAMOND GOLD,CJR0178Y
DIAMOND GOLD,DA0054ZZ18AZ0
DIAMOND GOLD,DA1044ZZT2DG0
DIAMOND GOLD,DA1085ZZH6AG0
DIAMOND GOLD,DA1085ZZH6GG0
DIAMOND GOLD,DA1202D3AG0
DIAMOND GOLD,DA1224ZZA6AG0
DIAMOND GOLD,DA1280A516DC0
DIAMOND GOLD,DA1280A516DE0
DIAMOND GOLD,DA1280A516DI0
DIAMOND GOLD,DA1288ZSZ4DG0
DIAMOND GOLD,DA1307D3D4DG0
DIAMOND GOLD,DA1458A516DC0
DIAMOND GOLD,DA1458A516DE0
DIAMOND GOLD,DA1675ZZA8AG0
DIAMOND GOLD,DA4015I1I2HG0
DIAMOND GOLD,DA4043ZZA6DG1
DIAMOND GOLD,DA4050ZZV9DG0
DIAMOND GOLD,DA4390ZZD3DG0
DIAMOND GOLD,DA6098ZZA6AH0
DIAMOND GOLD,DA7031ZZA6DZ0
DIAMOND GOLD,DA7050ZZV9AZ0
DIAMOND GOLD,DA7143ZZ17DZ0
DIAMOND GOLD,DA7288ZZD3DZ0
DIAMOND GOLD,DA9089ZZ17DD0
DIAMOND GOLD,DA9218ZZA6AD1
DIAMOND GOLD,DBY055WH
DIAMOND GOLD,DBY25BW
DIAMOND GOLD,DBY25BY
DIAMOND GOLD,DZ0295EWE04
DIAMOND GOLD,DZ0295PWE04
DIAMOND GOLD,E3736
DIAMOND GOLD,E4207D6ZZDA0
DIAMOND GOLD,E4207D6ZZDF0
DIAMOND GOLD,E4207D6ZZDG0
DIAMOND GOLD,E50763TWDE7
DIAMOND GOLD,E51238WE7
DIAMOND GOLD,E51557WE7
DIAMOND GOLD,E5169A616EB0
DIAMOND GOLD,E5169A616EG0
DIAMOND GOLD,E5196A616EG0
DIAMOND GOLD,E53056WET0
DIAMOND GOLD,E5780A6D6AE0
DIAMOND GOLD,E5780A6D6AG0
DIAMOND GOLD,E5780A6D6AK0
DIAMOND GOLD,E5780A6D6DG0
DIAMOND GOLD,E5780A6D6DK0
DIAMOND GOLD,E5780A6D6DL0
DIAMOND GOLD,E58321616DG0
DIAMOND GOLD,E6161Z3Z3EG0
DIAMOND GOLD,E6211HCHCDG0
DIAMOND GOLD,E6213HCHCEG0
DIAMOND GOLD,E6236HCZZDG0
DIAMOND GOLD,E6281V6ZZAG0
DIAMOND GOLD,E6281V6ZZAI0
DIAMOND GOLD,E6299V6V6DG0
DIAMOND GOLD,E6367Z2Z2EG0
DIAMOND GOLD,E6378Z2Z2BG0
DIAMOND GOLD,E6378Z2Z2EG0
DIAMOND GOLD,E6378Z2Z2HB0
DIAMOND GOLD,E6378Z2Z2HD0
DIAMOND GOLD,E6378Z2Z2HE0
DIAMOND GOLD,E64861G1HEK0
DIAMOND GOLD,E6555A515EG0
DIAMOND GOLD,E70351A1ABG0
DIAMOND GOLD,E70371K1KEG0
DIAMOND GOLD,E73651210EG0
DIAMOND GOLD,E73741A1AEGC
DIAMOND GOLD,E7429A616DE0
DIAMOND GOLD,E7638P6D6DG0
DIAMOND GOLD,E76931K1KEG0
DIAMOND GOLD,E7727A515DG0
DIAMOND GOLD,E7842CS15EG0
DIAMOND GOLD,E7893A515EE1
DIAMOND GOLD,E7893A515EI1
DIAMOND GOLD,E8056A616AE0
DIAMOND GOLD,E8056A616AG0
DIAMOND GOLD,E8056A616DEC
DIAMOND GOLD,E8056A616DHC
DIAMOND GOLD,E8095Z3Z3HC0
DIAMOND GOLD,E8095Z3Z3HG0
DIAMOND GOLD,E8095Z3Z3HI0
DIAMOND GOLD,E8155Z51KDG0
DIAMOND GOLD,E8170Z2Z2EG0
DIAMOND GOLD,E8242CS15HG0
DIAMOND GOLD,E83641414EG0
DIAMOND GOLD,E83691414EG0
DIAMOND GOLD,E8373A515NG1
DIAMOND GOLD,E8385HBHBDG0
DIAMOND GOLD,E8458Z2Z2BG0
DIAMOND GOLD,E8769ZBZBNG0
DIAMOND GOLD,E90271210EG1
DIAMOND GOLD,E90351212EG1
DIAMOND GOLD,E90431515EG1
DIAMOND GOLD,E91391514EC0
DIAMOND GOLD,E94191212EG1
DIAMOND GOLD,E9441A515NG2
DIAMOND GOLD,E9451A515DG0
DIAMOND GOLD,E9562Z51KBG0
DIAMOND GOLD,E9688VCCCNG0
DIAMOND GOLD,E97421210EG1
DIAMOND GOLD,E98671ASPEG0
DIAMOND GOLD,E9998HZHZDF0
DIAMOND GOLD,EF2175A87J10W
DIAMOND GOLD,EFA594EFWN4
DIAMOND GOLD,EFB174BKWN4
DIAMOND GOLD,EFB174BKYN4
DIAMOND GOLD,EFB174EKWN4
DIAMOND GOLD,EFB174EKYN4
DIAMOND GOLD,EFB174HKWN4
DIAMOND GOLD,EFB314EKWN4
DIAMOND GOLD,EFB314EKYN4
DIAMOND GOLD,EFB391HKWN5
DIAMOND GOLD,EFB391KFWN5BK
DIAMOND GOLD,EFC160EFWN5BK
DIAMOND GOLD,EFC711HFWN4
DIAMOND GOLD,EFE444EBKWN5BU
DIAMOND GOLD,EFE444EBKYN5BR
DIAMOND GOLD,EFE445FBKWN5
DIAMOND GOLD,EFH299EKYN5
DIAMOND GOLD,EJ005105W
DIAMOND GOLD,EP109B
DIAMOND GOLD,EP200B
DIAMOND GOLD,EP209B
DIAMOND GOLD,EP213B
DIAMOND GOLD,ER15380
DIAMOND GOLD,ER15381
DIAMOND GOLD,ER15469
DIAMOND GOLD,ER21164
DIAMOND GOLD,ERBX75653PN
DIAMOND GOLD,ERBX77063F
DIAMOND GOLD,ERCX43463APNC18
DIAMOND GOLD,ERCX43593FCH
DIAMOND GOLD,F1334ZZMLDJ1
DIAMOND GOLD,F1334ZZMXDJ1
DIAMOND GOLD,F4764V8ZZDJ2
DIAMOND GOLD,F5673A6ZZAJ1
DIAMOND GOLD,F5675A6ZZDJ1
DIAMOND GOLD,F6146A6ZZAJ0
DIAMOND GOLD,F6759LD14DJ1
DIAMOND GOLD,F69701616DJ1
DIAMOND GOLD,F7354VCCCGJ2
DIAMOND GOLD,F7675A6ZZDJ0
DIAMOND GOLD,F8511A717DJ0
DIAMOND GOLD,FSE2009T8SIL
DIAMOND GOLD,G1012H
DIAMOND GOLD,H33094BJ
DIAMOND GOLD,JSI2121WR5J
DIAMOND GOLD,JX10403WBK
DIAMOND GOLD,JX70163WBK
DIAMOND GOLD,KR10307
DIAMOND GOLD,KR3438WS6
DIAMOND GOLD,KR3438WS7
DIAMOND GOLD,KR7394REW
DIAMOND GOLD,KR9113SZ7
DIAMOND GOLD,L1192CSCSEG0
DIAMOND GOLD,L1193A516DC0
DIAMOND GOLD,L1256Z3Z3ED0
DIAMOND GOLD,L1791Z3Z3EE0
DIAMOND GOLD,L1792Z3Z3EG0
DIAMOND GOLD,L18731414EI0
DIAMOND GOLD,L30791515EE1
DIAMOND GOLD,L30791515EG1
DIAMOND GOLD,L30791515EI1
DIAMOND GOLD,L3120HCZZHG0
DIAMOND GOLD,L4025Z2Z2DE0
DIAMOND GOLD,L4265Z3Z3DG1
DIAMOND GOLD,L4438Z3Z3GG0
DIAMOND GOLD,L47621616DE0
DIAMOND GOLD,L47621616DI0
DIAMOND GOLD,L4789HCHCDG0
DIAMOND GOLD,L4902HBHBEG0
DIAMOND GOLD,L49181414HG0
DIAMOND GOLD,L6469Z2Z2EG0
DIAMOND GOLD,L6474Z2Z2EG0
DIAMOND GOLD,L6504Z2Z2EG0
DIAMOND GOLD,L6507Z2Z2EG0
DIAMOND GOLD,L65881616DE0
DIAMOND GOLD,L7795Z3Z3HG1
DIAMOND GOLD,L7796Z3Z3HG1
DIAMOND GOLD,L8018A616EG0
DIAMOND GOLD,L8112Z3Z3HG0
DIAMOND GOLD,LA1011ZZHBEG0
DIAMOND GOLD,LA10451616DC0
DIAMOND GOLD,LA1099A516DC0
DIAMOND GOLD,LA1099A516DE0
DIAMOND GOLD,LA1099A516DK0
DIAMOND GOLD,LA1118A516DC0
DIAMOND GOLD,LA1148U1MDDK0
DIAMOND GOLD,LA1149U1MDDC0
DIAMOND GOLD,LA1149U1MDDE0
DIAMOND GOLD,M17493W
DIAMOND GOLD,M26124FF10EI
DIAMOND GOLD,M54893WCHBK
DIAMOND GOLD,M62003F30
DIAMOND GOLD,M84023F
DIAMOND GOLD,MCL590M
DIAMOND GOLD,MCLC4129
DIAMOND GOLD,MCLC4736D
DIAMOND GOLD,MCLPC5119V
DIAMOND GOLD,MCLPC5120V
DIAMOND GOLD,MCLWC237
DIAMOND GOLD,MCLWC2749
DIAMOND GOLD,MCLWC3026
DIAMOND GOLD,MCLWC3753
DIAMOND GOLD,MCLWC4079B
DIAMOND GOLD,MCLWC4635M
DIAMOND GOLD,N59134FM18
DIAMOND GOLD,N7721VCZZGJ1
DIAMOND GOLD,N7728CCZZAJ0
DIAMOND GOLD,N7739VCZZAJ0
DIAMOND GOLD,N9709CCZZAJZ
DIAMOND GOLD,N9726A616NJ0
DIAMOND GOLD,P485750A
DIAMOND GOLD,P50193WEET0
DIAMOND GOLD,P50763TWDE7
DIAMOND GOLD,P51557WE7
DIAMOND GOLD,P902718ZZDJ1
DIAMOND GOLD,PC065724180
DIAMOND GOLD,PC5638D
DIAMOND GOLD,PD15489
DIAMOND GOLD,PD15499
DIAMOND GOLD,PF2196A6610W
DIAMOND GOLD,PF2232A6610W
DIAMOND GOLD,PF2320A7710W
DIAMOND GOLD,PFA109KPN6C
DIAMOND GOLD,PFA147EKWN4
DIAMOND GOLD,PFA440EKWN4
DIAMOND GOLD,PFA440HKWN4
DIAMOND GOLD,PFB314EKWN4
DIAMOND GOLD,PFB314EKYN4
DIAMOND GOLD,PFD145DKWN5
DIAMOND GOLD,PFE444EBKWN5
DIAMOND GOLD,PFE444EBKWN5BU
DIAMOND GOLD,PFE444EBKYN5BR
DIAMOND GOLD,Q0846ZSZ4AG0
DIAMOND GOLD,R33778
DIAMOND GOLD,R34199E
DIAMOND GOLD,R34459
DIAMOND GOLD,R50193WEET0
DIAMOND GOLD,R5636A7ZZDZ0
DIAMOND GOLD,R6177VCCCDZ0
DIAMOND GOLD,R958118ZZAZ0
DIAMOND GOLD,R9690Z7ZZGZ0
DIAMOND GOLD,RA10173BT
DIAMOND GOLD,RA25243F30W
DIAMOND GOLD,RAA122KFYN5
DIAMOND GOLD,RAA122PFYN5
DIAMOND GOLD,RAA964HFYN5
DIAMOND GOLD,RAB440EFWN4
DIAMOND GOLD,RAD852CFWN4
DIAMOND GOLD,RAD852GFWN4
DIAMOND GOLD,RAE424EKWN5
DIAMOND GOLD,RAE424HKWN5
DIAMOND GOLD,RAG309CKWN4
DIAMOND GOLD,RAH105BKSN5
DIAMOND GOLD,RAX12603W
DIAMOND GOLD,RAX12613W
DIAMOND GOLD,RAX12623F
DIAMOND GOLD,RAX14153
DIAMOND GOLD,RAX14153FPN
DIAMOND GOLD,RAX1425M2
DIAMOND GOLD,RAX1426M2
DIAMOND GOLD,RAX16884FBK
DIAMOND GOLD,RAX1718FPNBK
DIAMOND GOLD,RAX17449WBK
DIAMOND GOLD,RAX20783W
DIAMOND GOLD,RAX22813PN
DIAMOND GOLD,RAX24583W
DIAMOND GOLD,RAX26043W
DIAMOND GOLD,RAX26093FPN
DIAMOND GOLD,RAX2637A5W6
DIAMOND GOLD,RAX26393
DIAMOND GOLD,RAX43709CBK
DIAMOND GOLD,RAX43899BK
DIAMOND GOLD,RAX44153WBK
DIAMOND GOLD,RAX44153WCBK
DIAMOND GOLD,RAX44393FCBK
DIAMOND GOLD,RAX47453WCBK
DIAMOND GOLD,RAX50069WCBK
DIAMOND GOLD,RAX51749FCBK
DIAMOND GOLD,RAX53669WCBK
DIAMOND GOLD,RAX54579WCBK
DIAMOND GOLD,RAX54599WCBK
DIAMOND GOLD,RAX59323WCBK
DIAMOND GOLD,RAX60609FPNB
DIAMOND GOLD,RAX61368F18E
DIAMOND GOLD,RAX61683WBK
DIAMOND GOLD,RAX61773W
DIAMOND GOLD,RAX62483
DIAMOND GOLD,RAX6249818
DIAMOND GOLD,RAX6257818
DIAMOND GOLD,RAX62678W1775
DIAMOND GOLD,RAX6439M3W
DIAMOND GOLD,RAX76253FBK
DIAMOND GOLD,RAX76583WBK
DIAMOND GOLD,RAX76603
DIAMOND GOLD,RAX78033
DIAMOND GOLD,RAX78043
DIAMOND GOLD,RAX80863
DIAMOND GOLD,RAX84673W
DIAMOND GOLD,RAX84683W
DIAMOND GOLD,RAX85623W
DIAMOND GOLD,RAX85633W
DIAMOND GOLD,RAX85643W
DIAMOND GOLD,RAX86623F
DIAMOND GOLD,RAX86653
DIAMOND GOLD,RAX86653FPN
DIAMOND GOLD,RAX89449WBK
DIAMOND GOLD,RB1754BPRJ10W
DIAMOND GOLD,RB58123WBT
DIAMOND GOLD,RBD269HBFWN4
DIAMOND GOLD,RBE758HKWN4
DIAMOND GOLD,RBG342FKWN4
DIAMOND GOLD,RBX43732
DIAMOND GOLD,RBX43742C18
DIAMOND GOLD,RBX44639CHBK
DIAMOND GOLD,RBX44959WBK
DIAMOND GOLD,RBX45289CHBK
DIAMOND GOLD,RBX48033FCBK
DIAMOND GOLD,RBX50603WCBK
DIAMOND GOLD,RBX50623FCBK
DIAMOND GOLD,RBX50633WCBK
DIAMOND GOLD,RBX51853WCBK
DIAMOND GOLD,RBX51863WCBK
DIAMOND GOLD,RBX52142FC18
DIAMOND GOLD,RBX52162FC18
DIAMOND GOLD,RBX52182FC18
DIAMOND GOLD,RBX52192FC18
DIAMOND GOLD,RBX53803FCBK
DIAMOND GOLD,RBX53833FCBK
DIAMOND GOLD,RBX53853CBK
DIAMOND GOLD,RBX53853FPN
DIAMOND GOLD,RBX56063WC18
DIAMOND GOLD,RBX56299WCBK
DIAMOND GOLD,RBX74403
DIAMOND GOLD,RBX76899W
DIAMOND GOLD,RCX43379WCH
DIAMOND GOLD,RCX43393FCH
DIAMOND GOLD,RCX43393WCH
DIAMOND GOLD,RCX43633PNCH
DIAMOND GOLD,RCX43633WCH
DIAMOND GOLD,RE1764BPR10W
DIAMOND GOLD,RE3937A66J10W
DIAMOND GOLD,RE3940A66J10W
DIAMOND GOLD,RE4470A8710W
DIAMOND GOLD,REC654HKWQ7
DIAMOND GOLD,REE458HBKWN4
DIAMOND GOLD,REF002EKYN5
DIAMOND GOLD,REK248EKWN5
DIAMOND GOLD,REK275HKWN4
DIAMOND GOLD,RF0257067BK
DIAMOND GOLD,RFC740HKPN5
DIAMOND GOLD,RFD751DSSN6
DIAMOND GOLD,RFG301DKYS2C1
DIAMOND GOLD,RG23733B
DIAMOND GOLD,RG25150
DIAMOND GOLD,RG25171
DIAMOND GOLD,RG25342
DIAMOND GOLD,RG25955
DIAMOND GOLD,RG26017
DIAMOND GOLD,RJX10043
DIAMOND GOLD,RJX10173
DIAMOND GOLD,RJX10393BK
DIAMOND GOLD,RJX11873F
DIAMOND GOLD,RJX12812F
DIAMOND GOLD,RJX40163CBK
DIAMOND GOLD,RJX40303WCBK
DIAMOND GOLD,RJX70033
DIAMOND GOLD,RJX71062W
DIAMOND GOLD,RM19413PN7AM
DIAMOND GOLD,RM21162KL
DIAMOND GOLD,RM21923FWBK
DIAMOND GOLD,RM22663WBK
DIAMOND GOLD,RM23023WBK
DIAMOND GOLD,RM27649WBK
DIAMOND GOLD,RM27689BK
DIAMOND GOLD,RM28039WBK
DIAMOND GOLD,RM30513WBK
DIAMOND GOLD,RM30559WBK
DIAMOND GOLD,RM31949WBK
DIAMOND GOLD,RM36039FBK
DIAMOND GOLD,RM36179BK
DIAMOND GOLD,RM37249FBK
DIAMOND GOLD,RM37753F
DIAMOND GOLD,RM38373BK
DIAMOND GOLD,RM38373PN
DIAMOND GOLD,RM38393W
DIAMOND GOLD,RM55669WCBK
DIAMOND GOLD,RM56453WCHLZ
DIAMOND GOLD,RM57819WCBK
DIAMOND GOLD,RM62389WBK
DIAMOND GOLD,RM6240G3FW
DIAMOND GOLD,RM65413D
DIAMOND GOLD,RM66079FBK
DIAMOND GOLD,RM6663V4WBK
DIAMOND GOLD,RM66719WBK
DIAMOND GOLD,RM6675Q37SI
DIAMOND GOLD,RM67813W
DIAMOND GOLD,RM68523WBK
DIAMOND GOLD,RM69393WBK
DIAMOND GOLD,RM69589BK
DIAMOND GOLD,RM71253WBT
DIAMOND GOLD,RM74803WBK
DIAMOND GOLD,RM7482G3FW
DIAMOND GOLD,RM76573WBK
DIAMOND GOLD,RM84173WBK
DIAMOND GOLD,RM87229WBK
DIAMOND GOLD,RM87683WBK
DIAMOND GOLD,RN49109CHBT
DIAMOND GOLD,RQ41564WCBK
DIAMOND GOLD,RT1224BPRJ10W
DIAMOND GOLD,RW17543F
DIAMOND GOLD,RW17923FF
DIAMOND GOLD,RW17923FPN
DIAMOND GOLD,RW17923FW
DIAMOND GOLD,RW4324K3FWCZ
DIAMOND GOLD,RYX11143WBK
DIAMOND GOLD,RYX11203WBK
DIAMOND GOLD,RYX11382W
DIAMOND GOLD,RYX12393WBK
DIAMOND GOLD,RYX13579WBK
DIAMOND GOLD,RYX40323WCBK
DIAMOND GOLD,RYX40353WCBK
DIAMOND GOLD,RYX70209WBK
DIAMOND GOLD,RYX70313BT
DIAMOND GOLD,RYX703216W
DIAMOND GOLD,RYX70364WBK
DIAMOND GOLD,RYX70913
DIAMOND GOLD,RYX70913W
DIAMOND GOLD,RYX70963W
DIAMOND GOLD,RYX70963WHLZ
DIAMOND GOLD,RYX70983W
DIAMOND GOLD,RYX71023FBK
DIAMOND GOLD,RYX71053F8PN
DIAMOND GOLD,RYX7134A6W
DIAMOND GOLD,RYX7154A6F
DIAMOND GOLD,RYX90173W
DIAMOND GOLD,RYX90713W
DIAMOND GOLD,RZ7232G3FWBK
DIAMOND GOLD,SAE1386YB10
DIAMOND GOLD,SAE1448YB10
DIAMOND GOLD,SAP1386YB10
DIAMOND GOLD,SAR1448YB107
DIAMOND GOLD,SAR415YSC107
DIAMOND GOLD,TRB007243BDM75
DIAMOND GOLD,USI1136WR5J
DIAMOND GOLD,USI1197YR5J
DIAMOND GOLD,USI1501WR5J
DIAMOND GOLD,USI2626WR5J
DIAMOND GOLD,VP050BWI2B
DIAMOND GOLD,W1599A616DG0
DIAMOND GOLD,W1772E
DIAMOND GOLD,W1797
DIAMOND GOLD,W1918Z2ZZEG0
DIAMOND GOLD,W1C2369X
DIAMOND GOLD,W2212E
DIAMOND GOLD,W2889AM3FFHZ
DIAMOND GOLD,W3141E
DIAMOND GOLD,W33711K1KEG0
DIAMOND GOLD,W3652
DIAMOND GOLD,W4201Z3Z3DG0
DIAMOND GOLD,W4650ZSZ4DG0
DIAMOND GOLD,W58A
DIAMOND GOLD,W73283F30W
DIAMOND GOLD,W7334CCZZGG0
DIAMOND GOLD,WB5050A
DIAMOND GOLD,WC1013
DIAMOND GOLD,WC1099
DIAMOND GOLD,WC1101
DIAMOND GOLD,WC1159
DIAMOND GOLD,WC1160
DIAMOND GOLD,WC1245
DIAMOND GOLD,WC1407
DIAMOND GOLD,WC1690
DIAMOND GOLD,WC235M
DIAMOND GOLD,WC321
DIAMOND GOLD,WC3649B
DIAMOND GOLD,WC3669B
DIAMOND GOLD,WC3717V
DIAMOND GOLD,WC3746V
DIAMOND GOLD,WC3861D
DIAMOND GOLD,WC3862D
DIAMOND GOLD,WC3874V
DIAMOND GOLD,WC4075B
DIAMOND GOLD,WC4076B
DIAMOND GOLD,WC4078B
DIAMOND GOLD,WC4093B
DIAMOND GOLD,WC4124D
DIAMOND GOLD,WC4126D
DIAMOND GOLD,WC4139D
DIAMOND GOLD,WC4166B
DIAMOND GOLD,WC4250J
DIAMOND GOLD,WC4280B
DIAMOND GOLD,WC4750D
DIAMOND GOLD,WC4877B
DIAMOND GOLD,WC5282M
DIAMOND GOLD,WC5877D
DIAMOND GOLD,WC888W
DIAMOND GOLD,XFRZ0TQOHS
DIAMOND GOLD,YX11263W
DIAMOND GOLD,YX11804W
DIAMOND GOLD,YX11974FW
DIAMOND GOLD,YX12769WBK
DIAMOND GOLD,YX90014W
DIAMOND GOLD,Z112608
DIAMOND GOLD,Z112722
DIAMOND GOLD,Z2477KQ37FWI
DIAMOND GOLD,BA1929Z3Z3EG0
DIAMOND GOLD,BA7159LD22BZ0
DIAMOND GOLD,BA7159LD22EZ0
DIAMOND GOLD,BA7402LD22BZ0
DIAMOND GOLD,BA7402LD22EZ0
DIAMOND GOLD,R3523LD22BZ1
DIAMOND GOLD,R3523LD22EZ1
DIAMOND GOLD,96589A516DK0
DIAMOND GOLD,DA4089ZZA7AG0
DIAMOND GOLD,DA4139Z3Z3DG0
DIAMOND GOLD,DA4722VCCCAE0
DIAMOND GOLD,DA6395ZZ17BE0
DIAMOND GOLD,DA7663ZZ16EZ1
DIAMOND GOLD,DA7677ZZA6BZ0
DIAMOND GOLD,DA7901ZZA7BZ0
DIAMOND GOLD,X0178Z4ZZANY
DIAMOND STERLING SILVER,03379AA
DIAMOND STERLING SILVER,203145D30
DIAMOND STERLING SILVER,33616A7ZZSG0
DIAMOND STERLING SILVER,39722A717SG0
DIAMOND STERLING SILVER,39723A7ZZSG0
DIAMOND STERLING SILVER,50874ZZMSSG1
DIAMOND STERLING SILVER,53727ZZMXSG0
DIAMOND STERLING SILVER,74299BDS4SG0
DIAMOND STERLING SILVER,80892A5ZZ2J1
DIAMOND STERLING SILVER,80928A7ZZSJ0
DIAMOND STERLING SILVER,81132A5ZZSJ3
DIAMOND STERLING SILVER,83166Q9ZZ2JH
DIAMOND STERLING SILVER,85062A7ZZSJ0
DIAMOND STERLING SILVER,85064Q9ZZSJ0
DIAMOND STERLING SILVER,87123Q9ZZ2JH
DIAMOND STERLING SILVER,87210Q9ZZSJ1
DIAMOND STERLING SILVER,90030A717SG0
DIAMOND STERLING SILVER,92165A717SG0
DIAMOND STERLING SILVER,92166A7ZZSG0
DIAMOND STERLING SILVER,92167A717SG0
DIAMOND STERLING SILVER,94808A717SG0
DIAMOND STERLING SILVER,98043Q919SG1
DIAMOND STERLING SILVER,98046W819SG0
DIAMOND STERLING SILVER,99788A617SG0
DIAMOND STERLING SILVER,99791W819SG0
DIAMOND STERLING SILVER,BA1004A717SG0
DIAMOND STERLING SILVER,BA1018W8Q9SG0
DIAMOND STERLING SILVER,BA1344ZZA7SG0
DIAMOND STERLING SILVER,BA2168W819SG0
DIAMOND STERLING SILVER,BA2385ZZA7LG0
DIAMOND STERLING SILVER,BA2395ZZQ9SG0
DIAMOND STERLING SILVER,DA0006ZZA5YZ0
DIAMOND STERLING SILVER,DA1012ZZQ9SG0
DIAMOND STERLING SILVER,DA1046ZP10SG0
DIAMOND STERLING SILVER,DA1154P919SG0
DIAMOND STERLING SILVER,DA1190W819SG0
DIAMOND STERLING SILVER,DA1211W819SG0
DIAMOND STERLING SILVER,DA1214W819SG0
DIAMOND STERLING SILVER,DA1216W819SG0
DIAMOND STERLING SILVER,DA1223ZZW8SG0
DIAMOND STERLING SILVER,DA1318ZZA8SG0
DIAMOND STERLING SILVER,DA1338ZZQ9SG0
DIAMOND STERLING SILVER,DA1528ZZA7SG0
DIAMOND STERLING SILVER,DA1614ZZQ9SG0
DIAMOND STERLING SILVER,DA4009ZZD9SG0
DIAMOND STERLING SILVER,DA4011ZP9PSG0
DIAMOND STERLING SILVER,DA4013P919SG0
DIAMOND STERLING SILVER,DA4042ZZA7LG0
DIAMOND STERLING SILVER,DA4075Q919QZ0
DIAMOND STERLING SILVER,DA4122ZZA7KG0
DIAMOND STERLING SILVER,DA4151W819SG0
DIAMOND STERLING SILVER,DA4169W819SG0
DIAMOND STERLING SILVER,DA4240ZZ19SG0
DIAMOND STERLING SILVER,DA4249ZZP9SG0
DIAMOND STERLING SILVER,DA4315ZP10SG0
DIAMOND STERLING SILVER,DA4324ZZ19QG0
DIAMOND STERLING SILVER,DA4369ZZQ9YG0
DIAMOND STERLING SILVER,DA4502ZZA9SG0
DIAMOND STERLING SILVER,DA4549ZZQ9SG1
DIAMOND STERLING SILVER,DA6092A717SF0
DIAMOND STERLING SILVER,DA6119ZZ18SG1
DIAMOND STERLING SILVER,DA6156ZZA7SE0
DIAMOND STERLING SILVER,DA6163ZZQ9SG0
DIAMOND STERLING SILVER,DA6208ZZA7SG0
DIAMOND STERLING SILVER,DA7160ZZ19SZ0
DIAMOND STERLING SILVER,DA7170ZZA7SZ0
DIAMOND STERLING SILVER,DA7207ZZP9SZ0
DIAMOND STERLING SILVER,DA7251ZP10SZ0
DIAMOND STERLING SILVER,DA7276ZZA7SZ0
DIAMOND STERLING SILVER,DA7296ZZQ9SZ0
DIAMOND STERLING SILVER,DA7326Q919SZ0
DIAMOND STERLING SILVER,DA7433ZZA7SZ0
DIAMOND STERLING SILVER,DA9004ZCZ3SC0
DIAMOND STERLING SILVER,DA9018ZZD9SD0
DIAMOND STERLING SILVER,DA9021ZZD2SZ0
DIAMOND STERLING SILVER,DA9106ZZA9SM0
DIAMOND STERLING SILVER,DA9143ZZA7SM0
DIAMOND STERLING SILVER,DA9144ZZA7SF0
DIAMOND STERLING SILVER,DJ4002ZP10SG0
DIAMOND STERLING SILVER,DJ7002ZP10SZ0
DIAMOND STERLING SILVER,DJ9000ZZD9SD0
DIAMOND STERLING SILVER,ESAX44973CBK
DIAMOND STERLING SILVER,ESAX45643CH
DIAMOND STERLING SILVER,ESAX47323CBK
DIAMOND STERLING SILVER,ESAX85653BK
DIAMOND STERLING SILVER,ESB42822AM
DIAMOND STERLING SILVER,ESB4327FPNCE
DIAMOND STERLING SILVER,ESB47112CHE
DIAMOND STERLING SILVER,ESB56083FCSC
DIAMOND STERLING SILVER,ESBX5162A5CH
DIAMOND STERLING SILVER,ESBX51923BK
DIAMOND STERLING SILVER,ESJ55603CHBK
DIAMOND STERLING SILVER,ESJ55733CHLT
DIAMOND STERLING SILVER,ESJ57824FCBJ
DIAMOND STERLING SILVER,ESJ92863D
DIAMOND STERLING SILVER,ESM1952B7F
DIAMOND STERLING SILVER,ESM3616Y7
DIAMOND STERLING SILVER,ESM50634FCBJ
DIAMOND STERLING SILVER,ESM84553
DIAMOND STERLING SILVER,ESM84663
DIAMOND STERLING SILVER,ESN5812G7FCAM
DIAMOND STERLING SILVER,ESRAX4231B7C
DIAMOND STERLING SILVER,ESRAX42633CB
DIAMOND STERLING SILVER,ESRAX49949CB
DIAMOND STERLING SILVER,ESRAX5098B7C
DIAMOND STERLING SILVER,ESRAX59309CB
DIAMOND STERLING SILVER,ESRAX60563BK
DIAMOND STERLING SILVER,ESRAX76433BK
DIAMOND STERLING SILVER,ESRAX85389PN
DIAMOND STERLING SILVER,ESRB5546G3CB
DIAMOND STERLING SILVER,ESRBX4350M3C
DIAMOND STERLING SILVER,ESRBX43729CB
DIAMOND STERLING SILVER,ESRBX43979CB
DIAMOND STERLING SILVER,ESRBX5171PNC
DIAMOND STERLING SILVER,ESRJ55459CBK
DIAMOND STERLING SILVER,ESRM35933BK
DIAMOND STERLING SILVER,ESRM35953
DIAMOND STERLING SILVER,ESRM35973F
DIAMOND STERLING SILVER,ESRM36013
DIAMOND STERLING SILVER,ESRM38669BK
DIAMOND STERLING SILVER,ESRM4701DKCB
DIAMOND STERLING SILVER,ESRM61693BK
DIAMOND STERLING SILVER,ESRM8644B7BK
DIAMOND STERLING SILVER,ESRM8645M3CB
DIAMOND STERLING SILVER,ESRM86969BK
DIAMOND STERLING SILVER,ESRW1746Q37SI
DIAMOND STERLING SILVER,ESRW5470K9CB
DIAMOND STERLING SILVER,ESRW73379BK
DIAMOND STERLING SILVER,ESRZ6568Q37I
DIAMOND STERLING SILVER,ESW12032BT
DIAMOND STERLING SILVER,ESW26904SC
DIAMOND STERLING SILVER,ESW27433LT
DIAMOND STERLING SILVER,ESW45543CBK
DIAMOND STERLING SILVER,ESW51763CHAM
DIAMOND STERLING SILVER,ESW54742FCHE
DIAMOND STERLING SILVER,ESW77063
DIAMOND STERLING SILVER,ESW8003A2E
DIAMOND STERLING SILVER,ESW80852PNM
DIAMOND STERLING SILVER,ESW8601G3FBT
DIAMOND STERLING SILVER,ESW87533LT
DIAMOND STERLING SILVER,ESZ33793SC
DIAMOND STERLING SILVER,ESZ62132M17
DIAMOND STERLING SILVER,ESZ62923
DIAMOND STERLING SILVER,ESZ6312A2E
DIAMOND STERLING SILVER,ESZ89183
DIAMOND STERLING SILVER,ESZ89303
DIAMOND STERLING SILVER,ESZ89852E
DIAMOND STERLING SILVER,F5675A6ZZAJ1
DIAMOND STERLING SILVER,F8863A7ZZSJ2
DIAMOND STERLING SILVER,LA1020ZZA7SG0
DIAMOND STERLING SILVER,N2532A7ZZSJ2
DIAMOND STERLING SILVER,RM86279WBK
DIAMOND STERLING SILVER,S7951062RH0875H
DIAMOND STERLING SILVER,S7951267YEW04
DIAMOND STERLING SILVER,S7951268CHW04
DIAMOND STERLING SILVER,S7951273BW055H
DIAMOND STERLING SILVER,S7951283BLW04
DIAMOND STERLING SILVER,S7951303RHD10
DIAMOND STERLING SILVER,S7953401RHD03H
DIAMOND STERLING SILVER,S7953474RHD10ZC
DIAMOND STERLING SILVER,S7954377BWR0099
DIAMOND STERLING SILVER,S7954391RHD01
DIAMOND STERLING SILVER,S795776BWR0198Z
DIAMOND STERLING SILVER,SAP4677SDI18
DIAMOND STERLING SILVER,SAX11343
DIAMOND STERLING SILVER,SAX11353
DIAMOND STERLING SILVER,SAX11363
DIAMOND STERLING SILVER,SAX11373
DIAMOND STERLING SILVER,SAX11779
DIAMOND STERLING SILVER,SAX11799
DIAMOND STERLING SILVER,SAX11819
DIAMOND STERLING SILVER,SAX11859
DIAMOND STERLING SILVER,SAX11869
DIAMOND STERLING SILVER,SAX11889
DIAMOND STERLING SILVER,SAX1291DKF
DIAMOND STERLING SILVER,SAX1291G3F
DIAMOND STERLING SILVER,SAX1291K3F
DIAMOND STERLING SILVER,SAX12933
DIAMOND STERLING SILVER,SAX13133
DIAMOND STERLING SILVER,SAX14143
DIAMOND STERLING SILVER,SAX1578P9
DIAMOND STERLING SILVER,SAX16699
DIAMOND STERLING SILVER,SAX17679
DIAMOND STERLING SILVER,SAX17729
DIAMOND STERLING SILVER,SAX20109
DIAMOND STERLING SILVER,SAX2182P10
DIAMOND STERLING SILVER,SAX22439
DIAMOND STERLING SILVER,SAX22449
DIAMOND STERLING SILVER,SAX24169
DIAMOND STERLING SILVER,SAX47803CHSC
DIAMOND STERLING SILVER,SAX54563CHBK
DIAMOND STERLING SILVER,SAX5466M3CCB
DIAMOND STERLING SILVER,SAX5761M3CBK
DIAMOND STERLING SILVER,SAX6288A7
DIAMOND STERLING SILVER,SAX64203
DIAMOND STERLING SILVER,SAX64293BK
DIAMOND STERLING SILVER,SAX64312
DIAMOND STERLING SILVER,SAX66539
DIAMOND STERLING SILVER,SAX7310M3F
DIAMOND STERLING SILVER,SAX75703
DIAMOND STERLING SILVER,SAX76773
DIAMOND STERLING SILVER,SAX77573
DIAMOND STERLING SILVER,SAX77633
DIAMOND STERLING SILVER,SAX77703
DIAMOND STERLING SILVER,SAX7775DKF
DIAMOND STERLING SILVER,SAX77763SI
DIAMOND STERLING SILVER,SAX78002
DIAMOND STERLING SILVER,SAX80433
DIAMOND STERLING SILVER,SAX80443
DIAMOND STERLING SILVER,SAX80799
DIAMOND STERLING SILVER,SAX80829
DIAMOND STERLING SILVER,SAX81009
DIAMOND STERLING SILVER,SAX84663
DIAMOND STERLING SILVER,SAX84779
DIAMOND STERLING SILVER,SAX85363
DIAMOND STERLING SILVER,SAX8567K3FBK
DIAMOND STERLING SILVER,SAX89729
DIAMOND STERLING SILVER,SB4423G7FCBK
DIAMOND STERLING SILVER,SB51203FCHLT
DIAMOND STERLING SILVER,SB5297K9FCBK
DIAMOND STERLING SILVER,SB5652G7FCBK
DIAMOND STERLING SILVER,SBB44143SDM75
DIAMOND STERLING SILVER,SBB44144SDM75
DIAMOND STERLING SILVER,SBB44145SDM75
DIAMOND STERLING SILVER,SBF44144SDM17
DIAMOND STERLING SILVER,SBF44145SDM17
DIAMOND STERLING SILVER,SBX41953CLT
DIAMOND STERLING SILVER,SBX41959CHBK
DIAMOND STERLING SILVER,SBX42329CHBK
DIAMOND STERLING SILVER,SBX42573CHLT
DIAMOND STERLING SILVER,SBX44043CHBK
DIAMOND STERLING SILVER,SBX45239CHBK
DIAMOND STERLING SILVER,SBX46939CHBK
DIAMOND STERLING SILVER,SBX49659CHBK
DIAMOND STERLING SILVER,SBX49679CHBK
DIAMOND STERLING SILVER,SBX49699CHBK
DIAMOND STERLING SILVER,SBX49729CHBK
DIAMOND STERLING SILVER,SBX49739CHBK
DIAMOND STERLING SILVER,SBX50932CHBK
DIAMOND STERLING SILVER,SBX50942CHBK
DIAMOND STERLING SILVER,SBX51209CHBK
DIAMOND STERLING SILVER,SBX51613FC18
DIAMOND STERLING SILVER,SBX51943CHBK
DIAMOND STERLING SILVER,SBX51953FCBK
DIAMOND STERLING SILVER,SBX5196G3FCB
DIAMOND STERLING SILVER,SBX51983CHBK
DIAMOND STERLING SILVER,SBX52013CH18
DIAMOND STERLING SILVER,SBX5201A9CBK
DIAMOND STERLING SILVER,SBX53753CLT
DIAMOND STERLING SILVER,SBX5475Q15FCBK
DIAMOND STERLING SILVER,SBX5515P9C18
DIAMOND STERLING SILVER,SBX56539CH
DIAMOND STERLING SILVER,SBX58159C18
DIAMOND STERLING SILVER,SBX59409C18
DIAMOND STERLING SILVER,SCX40089CH
DIAMOND STERLING SILVER,SCX4010P10CH
DIAMOND STERLING SILVER,SCX42979C18
DIAMOND STERLING SILVER,SDB18110RH57
DIAMOND STERLING SILVER,SDF007441SDM18H
DIAMOND STERLING SILVER,SDF007453SDM18
DIAMOND STERLING SILVER,SDF10312BKY023117
DIAMOND STERLING SILVER,SDF11354RH029718
DIAMOND STERLING SILVER,SDF11662RH019817
DIAMOND STERLING SILVER,SDF12588RH016517
DIAMOND STERLING SILVER,SDF17727SRH013218
DIAMOND STERLING SILVER,SDF23470T006618
DIAMOND STERLING SILVER,SDF27735R019818
DIAMOND STERLING SILVER,SDI1054RH02327
DIAMOND STERLING SILVER,SDI1080RHD057
DIAMOND STERLING SILVER,SDI1277BLW037
DIAMOND STERLING SILVER,SDI1281BLW03518
DIAMOND STERLING SILVER,SDI2554RHD1787
DIAMOND STERLING SILVER,SDI277GPD0318
DIAMOND STERLING SILVER,SDI277RHD0318
DIAMOND STERLING SILVER,SDI420RHD027
DIAMOND STERLING SILVER,SDI478RHD1018
DIAMOND STERLING SILVER,SDI504RHD0ZC7
DIAMOND STERLING SILVER,SDI6572RHD1027
DIAMOND STERLING SILVER,SDI7671RH165S7H
DIAMOND STERLING SILVER,SDI770BWR026418
DIAMOND STERLING SILVER,SDI8364BK047
DIAMOND STERLING SILVER,SDI8673BL009917
DIAMOND STERLING SILVER,SDI886RH115Q2518
DIAMOND STERLING SILVER,SDI9906RH01986
DIAMOND STERLING SILVER,SDI9915BKW01986
DIAMOND STERLING SILVER,SDI9915BKW01988
DIAMOND STERLING SILVER,SDK28655RH02518
DIAMOND STERLING SILVER,SDK28657GPM0518
DIAMOND STERLING SILVER,SDK28657RH0518
DIAMOND STERLING SILVER,SDK31705RH02518
DIAMOND STERLING SILVER,SDK31708RH0418
DIAMOND STERLING SILVER,SDK31715RH02518
DIAMOND STERLING SILVER,SDN006773SM17
DIAMOND STERLING SILVER,SDN008357SDM7
DIAMOND STERLING SILVER,SDN13082RH00997
DIAMOND STERLING SILVER,SDP10166R003318
DIAMOND STERLING SILVER,SDP12392RH1118
DIAMOND STERLING SILVER,SDP27754R016518
DIAMOND STERLING SILVER,SDP28661RH0418
DIAMOND STERLING SILVER,SDP28662RH0418
DIAMOND STERLING SILVER,SDP28663RH0318
DIAMOND STERLING SILVER,SDP30815RH016618
DIAMOND STERLING SILVER,SDX10508SRH013218
DIAMOND STERLING SILVER,SDX15134R013218
DIAMOND STERLING SILVER,SDX15631RH0218
DIAMOND STERLING SILVER,SDX15634RH0218
DIAMOND STERLING SILVER,SDX15979RH00218
DIAMOND STERLING SILVER,SH99583
DIAMOND STERLING SILVER,SJ90409F8KL
DIAMOND STERLING SILVER,SJ90443F4BT
DIAMOND STERLING SILVER,SJ9314Q37SI
DIAMOND STERLING SILVER,SJ9315Q37SI
DIAMOND STERLING SILVER,SJ9316Q37SI
DIAMOND STERLING SILVER,SJ9317Q37FSI
DIAMOND STERLING SILVER,SJ9318Q37SI
DIAMOND STERLING SILVER,SJ95953
DIAMOND STERLING SILVER,SJ96583
DIAMOND STERLING SILVER,SJ97023
DIAMOND STERLING SILVER,SJ98483
DIAMOND STERLING SILVER,SJ98493
DIAMOND STERLING SILVER,SJ98523
DIAMOND STERLING SILVER,SJ98542FF
DIAMOND STERLING SILVER,SJ98552
DIAMOND STERLING SILVER,SJ98562F
DIAMOND STERLING SILVER,SJ98572F
DIAMOND STERLING SILVER,SJ98582F
DIAMOND STERLING SILVER,SJ98592F
DIAMOND STERLING SILVER,SJ98602F
DIAMOND STERLING SILVER,SJ98612F
DIAMOND STERLING SILVER,SJ98699
DIAMOND STERLING SILVER,SJ98729BK
DIAMOND STERLING SILVER,SJ99153
DIAMOND STERLING SILVER,SJ99219
DIAMOND STERLING SILVER,SJ99573
DIAMOND STERLING SILVER,SJX11239
DIAMOND STERLING SILVER,SJX15999
DIAMOND STERLING SILVER,SJX16009BK
DIAMOND STERLING SILVER,SJX40142CHBK
DIAMOND STERLING SILVER,SJX42329CHBK
DIAMOND STERLING SILVER,SJX42339CHBK
DIAMOND STERLING SILVER,SJX44372FCH
DIAMOND STERLING SILVER,SJX44382FCH
DIAMOND STERLING SILVER,SM12863BK
DIAMOND STERLING SILVER,SM1286G3FBK
DIAMOND STERLING SILVER,SM14783F30BT
DIAMOND STERLING SILVER,SM22833
DIAMOND STERLING SILVER,SM3115M3F
DIAMOND STERLING SILVER,SM3116M3F
DIAMOND STERLING SILVER,SM33673D
DIAMOND STERLING SILVER,SM35313
DIAMOND STERLING SILVER,SM35373
DIAMOND STERLING SILVER,SM35383
DIAMOND STERLING SILVER,SM35613
DIAMOND STERLING SILVER,SM35653
DIAMOND STERLING SILVER,SM35943
DIAMOND STERLING SILVER,SM36003
DIAMOND STERLING SILVER,SM36023
DIAMOND STERLING SILVER,SM36153
DIAMOND STERLING SILVER,SM36183F
DIAMOND STERLING SILVER,SM37589
DIAMOND STERLING SILVER,SM37703
DIAMOND STERLING SILVER,SM37713
DIAMOND STERLING SILVER,SM37783
DIAMOND STERLING SILVER,SM38403
DIAMOND STERLING SILVER,SM4000G3FCLT
DIAMOND STERLING SILVER,SM4487M3CCBK
DIAMOND STERLING SILVER,SM4750K9FCBK
DIAMOND STERLING SILVER,SM4790K9FCBK
DIAMOND STERLING SILVER,SM70373F4
DIAMOND STERLING SILVER,SM7166K3F54
DIAMOND STERLING SILVER,SM72633F73
DIAMOND STERLING SILVER,SM83763
DIAMOND STERLING SILVER,SM84083
DIAMOND STERLING SILVER,SM84979
DIAMOND STERLING SILVER,SM9096Q9
DIAMOND STERLING SILVER,SM9110Q9
DIAMOND STERLING SILVER,SN33832OE
DIAMOND STERLING SILVER,SSE357753RPD
DIAMOND STERLING SILVER,SSE358088RPD
DIAMOND STERLING SILVER,SSG000871SDM65
DIAMOND STERLING SILVER,SSP015555BDM18K
DIAMOND STERLING SILVER,SW19383F30BT
DIAMOND STERLING SILVER,SW2337K3FBT
DIAMOND STERLING SILVER,SW2986K3F54
DIAMOND STERLING SILVER,SW2988G3F62
DIAMOND STERLING SILVER,SW45133C18ZC
DIAMOND STERLING SILVER,SW5573Q37CSI
DIAMOND STERLING SILVER,SW5828K9FCBK
DIAMOND STERLING SILVER,SW72303
DIAMOND STERLING SILVER,SW7335Q37SI
DIAMOND STERLING SILVER,SW7461K3F54
DIAMOND STERLING SILVER,SW7671G7F62
DIAMOND STERLING SILVER,SW8768G3AF62
DIAMOND STERLING SILVER,SYX12613
DIAMOND STERLING SILVER,SYX12789FF
DIAMOND STERLING SILVER,SYX12919
DIAMOND STERLING SILVER,SYX12929
DIAMOND STERLING SILVER,SYX12942F
DIAMOND STERLING SILVER,SYX1295G3F
DIAMOND STERLING SILVER,SYX1296DKFF
DIAMOND STERLING SILVER,SYX13113
DIAMOND STERLING SILVER,SYX13163BK
DIAMOND STERLING SILVER,SYX1316DKFBK
DIAMOND STERLING SILVER,SYX13539BK
DIAMOND STERLING SILVER,SYX13549BK
DIAMOND STERLING SILVER,SYX13599
DIAMOND STERLING SILVER,SYX40589CHBK
DIAMOND STERLING SILVER,SYX4067M4FCB
DIAMOND STERLING SILVER,SYX41293CHBK
DIAMOND STERLING SILVER,SYX41333CHBK
DIAMOND STERLING SILVER,SYX41383BK18
DIAMOND STERLING SILVER,SYX41819C18
DIAMOND STERLING SILVER,SYX70709
DIAMOND STERLING SILVER,SYX7088G3F
DIAMOND STERLING SILVER,SYX71043BK
DIAMOND STERLING SILVER,SYX71063
DIAMOND STERLING SILVER,SYX71123
DIAMOND STERLING SILVER,SYX90249
DIAMOND STERLING SILVER,SYX90279
DIAMOND STERLING SILVER,SYX90409
DIAMOND STERLING SILVER,SYX90679
DIAMOND STERLING SILVER,SYX90699
DIAMOND STERLING SILVER,VDP30815GP016618
DIAMOND STERLING SILVER,W4706A7ZZSG0
DIAMOND STERLING SILVER,DA8713LDS1SZ0
DIAMOND STERLING SILVER,DA4551ZZA7LG0
DIAMOND STERLING SILVER,DA4688ZZA7SG2
DIAMOND STERLING SILVER,DA9558LD24YF0
DIAMOND STERLING SILVER,DA2367LDMDSG1
DIAMOND STERLING SILVER,DA5903LDMDSG0
DIAMOND STERLING SILVER,DA8855LDMDSZ0
DIAMOND STERLING SILVER,DA9516LD252E0
FJ MEMO DIAMOND COLLECTIONS,IEL6667D1
FJ MEMO DIAMOND COLLECTIONS,IEL6965D1
FJ MEMO DIAMOND COLLECTIONS,NCPJ789DD6
FJ MEMO DIAMOND COLLECTIONS,VZ0H236DD6
GOLD,016OULW16
GOLD,018OUL20
GOLD,040OUL24
GOLD,075T01318
GOLD,075T02518
GOLD,115ASP
GOLD,1185C36022C18
GOLD,11E258363BD3C
GOLD,11E355172
GOLD,11E359468
GOLD,11FE8363BD3C17
GOLD,13A3651
GOLD,13A3654
GOLD,13A4478BLM
GOLD,13AC2465BLM
GOLD,1462111W36
GOLD,147737307
GOLD,14SC100
GOLD,15JSP
GOLD,17506022
GOLD,18OUL2010
GOLD,1BG416P01O
GOLD,1E100515BS
GOLD,1E102030W
GOLD,1E102220SQ
GOLD,1E1063553C
GOLD,1E1402151MB
GOLD,1E142025DCW
GOLD,1E142040DCH
GOLD,1E452890
GOLD,1FRB016706YEG775
GOLD,1FRB018538YEG75
GOLD,1FRE014178YH
GOLD,1FRF019301Y17EG
GOLD,270T205W16
GOLD,270T574BDDC17BK
GOLD,270T574BDDCEA
GOLD,316S07
GOLD,318073WDCEA
GOLD,339516SP
GOLD,339616SP
GOLD,339618SP
GOLD,339620SP
GOLD,34927SP
GOLD,36C68
GOLD,37487
GOLD,37627SP
GOLD,383316SP
GOLD,395016SP
GOLD,398217SP
GOLD,41QSP
GOLD,43285CC
GOLD,45G16SB
GOLD,45G23SB
GOLD,47FSP
GOLD,5328310CC
GOLD,53F038STG2
GOLD,53F428
GOLD,53F71
GOLD,53J51
GOLD,54654B
GOLD,5523215
GOLD,55755BW
GOLD,60E31
GOLD,61FSP
GOLD,6A1883BM
GOLD,6A2084
GOLD,6A2206BLM
GOLD,6A2207BLM
GOLD,6AC1695
GOLD,6AC1701BLM
GOLD,75ASP
GOLD,76QSP
GOLD,7AC1253
GOLD,7PRC1527
GOLD,86258
GOLD,87D13
GOLD,9A1183
GOLD,9A1273TTBM
GOLD,9AC1359
GOLD,9AC836
GOLD,9AC842BLM
GOLD,9FH910
GOLD,9S865BM
GOLD,ADJC5536V10001401
GOLD,ADJC5536V10002201
GOLD,ADJC5536V5400028
GOLD,ADJC5536V5400347
GOLD,ADJC5536V5400352
GOLD,ADJC5536V5400369
GOLD,ADJC5536V5400391
GOLD,ADJD549V10002201
GOLD,ADJD549V5400028
GOLD,BC10001H10K18
GOLD,BG687808
GOLD,BSS064854B18
GOLD,C5536V5409999
GOLD,CA1393ZZZIG0
GOLD,CA7135ZZZZIZ0
GOLD,CAU18255725
GOLD,CBEL18836
GOLD,CHL7393W
GOLD,CM029818
GOLD,CM02983C18
GOLD,CM139018
GOLD,CM788820
GOLD,CMA16598
GOLD,CT225218
GOLD,E103025R
GOLD,E104025
GOLD,E1052732CRW
GOLD,E1095502C
GOLD,E1316184
GOLD,E144531K
GOLD,E2528273C
GOLD,E254864
GOLD,E259121
GOLD,ESW39333FBT
GOLD,F10120L22
GOLD,F10120L24
GOLD,FBB113818
GOLD,FBE23908YB
GOLD,FBE42816Y15
GOLD,FBF25431Y36
GOLD,FF27349T18
GOLD,FFE4365Y25
GOLD,FG06520
GOLD,FMR0895Y22KM
GOLD,FRB015901Y75
GOLD,FRB021568Y85
GOLD,FRB022118T75
GOLD,FRB022497B775
GOLD,FRB031483Y9
GOLD,FRB066695Y75
GOLD,FRC021567Y22
GOLD,FRC034746Y18
GOLD,FRC035110Y22
GOLD,FRC048848Y8
GOLD,FRC063108Y24
GOLD,FRC063138Y24
GOLD,FRE004910Y
GOLD,FRE006241Y
GOLD,FRE006587Y
GOLD,FRE016081Y30
GOLD,FRE017770Y
GOLD,FRE018450Y30
GOLD,FRE019185B
GOLD,FRE019454Y
GOLD,FRE022088Y25
GOLD,FRE023187B
GOLD,FRE026666Y
GOLD,FRE027181YWP30
GOLD,FRE027182YW35
GOLD,FRE027183W25
GOLD,FRE027191YWP30
GOLD,FRE027660Y
GOLD,FRE028234Y
GOLD,FRE029281Y25
GOLD,FRE029947YW
GOLD,FRE030738Y
GOLD,FRE030739Y
GOLD,FRE032347Y
GOLD,FRE032362Y
GOLD,FRE032371Y
GOLD,FRE032374Y
GOLD,FRE032375Y
GOLD,FRE032383YW
GOLD,FRE034827Y25
GOLD,FRE036810T
GOLD,FRE036917W
GOLD,FRE036918W
GOLD,FRE043650Y
GOLD,FRE044105R35
GOLD,FRE045507Y
GOLD,FRE048812Y30
GOLD,FRE068003Y
GOLD,FRE075289Y
GOLD,FRE26102Y25
GOLD,FRF010583Y17
GOLD,FRF018148T17
GOLD,FRF024836Y18
GOLD,FRF036774Y54
GOLD,FRF068179B18
GOLD,FRK019076P
GOLD,FRN038728Y7
GOLD,FRN072712Y7
GOLD,FRP028854Y18
GOLD,FRP029333Y18
GOLD,FRP030739Y18
GOLD,FRP035451Y18
GOLD,G170716ZZDMY
GOLD,GHL5032W
GOLD,GM080L24
GOLD,HZNT169776FYFW
GOLD,LE306
GOLD,LE326
GOLD,LE567
GOLD,LE724
GOLD,LE757
GOLD,LE843
GOLD,LF2088
GOLD,LF3588
GOLD,LTU035R
GOLD,NLS01410K
GOLD,NLS064
GOLD,NLSC503FDC
GOLD,NLST420BDYKM
GOLD,NOS003DC
GOLD,P093150018
GOLD,PRE140
GOLD,PRF1468
GOLD,PRF24375
GOLD,PRF24475
GOLD,SH3923Q37FBT
GOLD,T3820ALS
GOLD,TB67SP
GOLD,TBM01422
GOLD,TCE034266YCY
GOLD,TEH8628
GOLD,TFC011779R18
GOLD,TMP3050YRW18
GOLD,TMP4507T18
GOLD,TRB003232Y75
GOLD,TRB004451T75
GOLD,TRB018371B725
GOLD,TRB027139T75
GOLD,TRB028783B85
GOLD,TRB029577Y75
GOLD,TRB029896YWM175
GOLD,TRB030942Y725
GOLD,TRB030971T75
GOLD,TRB034235T725
GOLD,TRB034356YW725
GOLD,TRB039603Y75
GOLD,TRB043644Y75
GOLD,TRB046190Y75
GOLD,TRB046193Y9
GOLD,TRB046263Y95
GOLD,TRB047067Y1F725
GOLD,TRB048785Y725
GOLD,TRB061397Y8
GOLD,TRB061399Y8
GOLD,TRB061403Y8
GOLD,TRB061970Y725
GOLD,TRB062450Y675
GOLD,TRB062451Y675
GOLD,TRB062511Y8
GOLD,TRB062513Y775
GOLD,TRB062835Y75
GOLD,TRB063792Y75SPH
GOLD,TRB063915YMG75
GOLD,TRB064583Y75
GOLD,TRB064708Y75
GOLD,TRB064998Y925
GOLD,TRB065344Y9
GOLD,TRB072406Y75
GOLD,TRC021112Y18
GOLD,TRC023411Y18
GOLD,TRC035283Y22
GOLD,TRC0384Y9
GOLD,TRC061721Y18
GOLD,TRC061723Y18
GOLD,TRC061731Y18
GOLD,TRC069863Y9
GOLD,TRC074825Y10
GOLD,TRE008045YWM1
GOLD,TRE012149Y
GOLD,TRE015901Y
GOLD,TRE018822Y
GOLD,TRE023423T
GOLD,TRE023438Y25
GOLD,TRE029278Y30
GOLD,TRE029988T
GOLD,TRE030864Y
GOLD,TRE034822Y25
GOLD,TRE034877Y
GOLD,TRE034942Y
GOLD,TRE035175Y
GOLD,TRE035295Y
GOLD,TRE036932Y
GOLD,TRE037830Y
GOLD,TRE037841Y
GOLD,TRE038140R18
GOLD,TRE039649Y
GOLD,TRE042374Y25
GOLD,TRE042392Y
GOLD,TRE042432Y
GOLD,TRE043869Y
GOLD,TRE043965Y
GOLD,TRE044334Y
GOLD,TRE044428R30
GOLD,TRE044438Y
GOLD,TRE044441Y
GOLD,TRE044460Y70
GOLD,TRE046799Y
GOLD,TRE046983Y
GOLD,TRE047921Y
GOLD,TRE048969Y
GOLD,TRE049250Y
GOLD,TRE054679Y60
GOLD,TRE054890Y50
GOLD,TRE060940Y23
GOLD,TRE061225B
GOLD,TRE061254Y
GOLD,TRE061255Y
GOLD,TRE061367Y
GOLD,TRE061377Y
GOLD,TRE061666Y
GOLD,TRE061945Y35
GOLD,TRE061957Y
GOLD,TRE062224Y
GOLD,TRE062226Y
GOLD,TRE062235Y
GOLD,TRE062271Y50
GOLD,TRE062485Y
GOLD,TRE062571Y35
GOLD,TRE062679Y
GOLD,TRE062720Y35
GOLD,TRE063129W
GOLD,TRE063701Y22
GOLD,TRE063915YMG
GOLD,TRE064210Y
GOLD,TRE065047Y
GOLD,TRE065324Y30
GOLD,TRE065409B
GOLD,TRE067286Y
GOLD,TRE067488Y
GOLD,TRE067520Y
GOLD,TRE067694Y40
GOLD,TRE074082Y
GOLD,TRF007418Y17
GOLD,TRF008045YWM117
GOLD,TRF012249Y18
GOLD,TRF015876Y18
GOLD,TRF017384Y17
GOLD,TRF018371B17
GOLD,TRF019115Y18
GOLD,TRF019301Y17
GOLD,TRF023691Y17
GOLD,TRF023691Y17K
GOLD,TRF026140Y24
GOLD,TRF027779Y17
GOLD,TRF028127Y18
GOLD,TRF029574Y18
GOLD,TRF029710YWCY17
GOLD,TRF030377Y17
GOLD,TRF030384Y17
GOLD,TRF030940Y17
GOLD,TRF032047Y17
GOLD,TRF032154YCZ17
GOLD,TRF032389Y17
GOLD,TRF032911Y18KM
GOLD,TRF033828T18
GOLD,TRF034235T17
GOLD,TRF034356YW17
GOLD,TRF034872Y18
GOLD,TRF035037Y17
GOLD,TRF037284T18
GOLD,TRF037805Y17
GOLD,TRF038356Y17
GOLD,TRF042124P1F17
GOLD,TRF042524Y1F175
GOLD,TRF043620Y18
GOLD,TRF043749B17
GOLD,TRF044005T17
GOLD,TRF044271Y17
GOLD,TRF044595Y16
GOLD,TRF044632Y18
GOLD,TRF044909Y17
GOLD,TRF045822Y17
GOLD,TRF045862Y18
GOLD,TRF046190Y17
GOLD,TRF046200Y17
GOLD,TRF046201Y17
GOLD,TRF046211Y17
GOLD,TRF046275Y17
GOLD,TRF046388Y18
GOLD,TRF047289Y17
GOLD,TRF061224B195
GOLD,TRF061260Y1775
GOLD,TRF062460Y17
GOLD,TRF062810Y18
GOLD,TRF062811Y18
GOLD,TRF063915YMG18
GOLD,TRF064361Y17
GOLD,TRF064444YDM18
GOLD,TRF064585Y17
GOLD,TRF064590Y17
GOLD,TRF064607Y17
GOLD,TRF064708Y36
GOLD,TRF064894Y16
GOLD,TRF065346Y18
GOLD,TRF065621Y17
GOLD,TRF066700Y17
GOLD,TRF070529Y17
GOLD,TRF072137Y20
GOLD,TRF072138Y20
GOLD,TRF072141Y20
GOLD,TRF079126Y1675
GOLD,TRG001862Y7
GOLD,TRG018701Y65
GOLD,TRG021560Y7
GOLD,TRG033043Y75
GOLD,TRG042645Y7
GOLD,TRG046863Y75
GOLD,TRG047077Y1F7
GOLD,TRG047837Y7
GOLD,TRG063371Y7
GOLD,TRG063745Y7
GOLD,TRG072514Y725
GOLD,TRK015271Y17
GOLD,TRK033940YCY
GOLD,TRK034684YCY
GOLD,TRK037815Y18
GOLD,TRK065410Y18
GOLD,TRK067398Y18
GOLD,TRK073259Y22
GOLD,TRN006513Y7
GOLD,TRN006570Y7
GOLD,TRN011264Y8
GOLD,TRN015651Y7
GOLD,TRN015884T7
GOLD,TRN016503Y675
GOLD,TRN016566Y7
GOLD,TRN017350YOX8
GOLD,TRN017512Y5
GOLD,TRN017734Y7
GOLD,TRN019546Y7
GOLD,TRN020182Y7
GOLD,TRN020671T6
GOLD,TRN025779Y7
GOLD,TRN026346Y8
GOLD,TRN027549Y7
GOLD,TRN029900Y7
GOLD,TRN033707YW7
GOLD,TRN037816Y7
GOLD,TRN039438Y7
GOLD,TRN043678Y7
GOLD,TRN046387Y7
GOLD,TRN046934YCZ9
GOLD,TRN047240Y7
GOLD,TRN062528Y7
GOLD,TRN063392Y7
GOLD,TRN063608Y7
GOLD,TRN063790Y7
GOLD,TRN064893Y7
GOLD,TRN065404T7
GOLD,TRP000135Y18
GOLD,TRP000264Y18
GOLD,TRP012149Y18
GOLD,TRP012583Y18
GOLD,TRP013771Y18
GOLD,TRP014845Y18
GOLD,TRP019307T18
GOLD,TRP023489B18
GOLD,TRP023524Y18
GOLD,TRP028856Y18
GOLD,TRP030062YW18
GOLD,TRP030323Y17
GOLD,TRP032856Y18
GOLD,TRP032858Y18
GOLD,TRP032859Y18
GOLD,TRP032860Y18
GOLD,TRP032961Y18BK
GOLD,TRP033034YP18
GOLD,TRP037812Y18
GOLD,TRP043912Y18
GOLD,TRP043913Y18
GOLD,TRP046058Y18
GOLD,TRP046858Y18
GOLD,TRP062301Y18
GOLD,TRP064215Y18
GOLD,TRP064628Y18
GOLD,TRP065524Y18
GOLD,TRP065525Y18
GOLD,TRP067451Y18
GOLD,TRP070425Y17
GOLD,TRP072416Y
GOLD,TRR022260Y18
GOLD,TRR042275Y18
GOLD,TRS025463Y
GOLD,TRS031008Y17
GOLD,TRS034201Y18
GOLD,TRS035122Y
GOLD,TRX015907Y
GOLD,TRX046715Y18
GOLD,TRX062554Y17
GOLD,TU712
GOLD,U3725SLDC
GOLD,VE073D20
GOLD,VE073DADJ20
GOLD,VSB063712Y8
GOLD,VSE062753Y
GOLD,VSF063712Y1875
GOLD,VSF063714Y165
GOLD,VSF063717Y1875
GOLD,VSF064316Y19
GOLD,VSG063713Y75
GOLD,WGTU122
GOLD,FRF080062Y18
GOLD,TRC078592Y18
GOLD,TRC078592Y20
GOLD,TRC078615B20
GOLD,TRE066843Y15
GOLD,TRF080722Y18
GOLD,TRB079911Y75
GOLD,TRP081172Y20
GOLD,TFC0211Y18
GOLD,TRC078648Y85
GOLD,TRF082072Y18
GOLD,TRF082358Y18
GOLD,TRP082952Y18
GOLD,TRP082953Y18
GOLD,TRP082960Y18
GOLD,TRK081905Y
GOLD,TRK082776Y18
GOLD,TRB084027Y75
GOLD,TRE085486Y
GOLD,TRK015068Y18
GOLD,030DGLL22
GOLD,TRB078151Y7
GOLD,786433P17
GOLD,E102020W
GOLD,TRF087444Y17
GOLD,TRF087445Y18
GOLD,TRP015255Y20
GOLD,TRB090327Y75
GOLD,TRE080724Y20
GOLD,TRE088160Y
GOLD,TRE088296Y
GOLD,TRE089066Y15
GOLD,TRE089639Y20
GOLD,TRE089791Y
GOLD,TRF088260B18
GOLD,TRF089702Y18
GOLD,TRF089755T20
GOLD,TRF089774Y18
GOLD,TRF089791Y18
GOLD,TRF089803Y18
GOLD,TRF089993Y18
GOLD,TRF089994Y18
GOLD,TRF090126Y18
GOLD,TRF090128Y18
GOLD,TRF090324Y18
GOLD,TRF090343Y18
GOLD,TRF090347Y18
GOLD,TRF090351Y18
GOLD,TRF090415Y18
GOLD,TRK089080Y18
GOLD,TRK089423Y18
GOLD,TRK090349Y20
GOLD,TRP088877Y18
GOLD,TRP089759Y18
GOLD,TRP090112Y18
GOLD,TRP090153Y18
GOLD,TRP090226Y20
GOLD,TRP090227Y22
LAB GROWN DIAMOND GOLD,BA1486LD22EG0
LAB GROWN DIAMOND GOLD,BA1487LD22EG0
LAB GROWN DIAMOND GOLD,BA1488LD22EG0
LAB GROWN DIAMOND GOLD,BA1670LD22EG0
LAB GROWN DIAMOND GOLD,BA1673LD22EG0
LAB GROWN DIAMOND GOLD,BA1674LD22EG0
LAB GROWN DIAMOND GOLD,BA1680LD22EG0
LAB GROWN DIAMOND GOLD,BA1750LD22EG0
LAB GROWN DIAMOND GOLD,BA1751LD22EG0
LAB GROWN DIAMOND GOLD,R0665LD14EZ0
LAB GROWN DIAMOND GOLD,BA6164LD22DG0
LAB GROWN DIAMOND GOLD,BA6120LD22DG0
LAB GROWN DIAMOND GOLD,DA8390LDS2AZ0
LAB GROWN DIAMOND GOLD,BA1870LD22EG1
LAB GROWN DIAMOND GOLD,BA3006LD22EG0
LAB GROWN DIAMOND GOLD,BA6014LD22EE0
LAB GROWN DIAMOND GOLD,DA1405LD22EG0
LAB GROWN DIAMOND GOLD,BA6007LDBKDG2
LAB GROWN DIAMOND GOLD,BA7053LDBKDZ0
LAB GROWN DIAMOND GOLD,BA7257LD22DZ0
LAB GROWN DIAMOND GOLD,DA1825LDBKDG0
LAB GROWN DIAMOND GOLD,DA1985LDMDDG1
LAB GROWN DIAMOND GOLD,DA5333LDBKAG0
LAB GROWN DIAMOND GOLD,DA5826LDMDDD11625
LAB GROWN DIAMOND GOLD,DA5898LDBKAG0
LAB GROWN DIAMOND GOLD,DA5898LDBKDG0
LAB GROWN DIAMOND GOLD,DA8581LD22AZ0
LAB GROWN DIAMOND GOLD,DA9610LD25DD0
LAB GROWN DIAMOND STERLING SILVER,DA4265LD23SG0
LAB GROWN DIAMOND STERLING SILVER,DA4519LD22SZ0
LAB GROWN DIAMOND STERLING SILVER,DA1968LDMDSG0
LAB GROWN DIAMOND STERLING SILVER,DA1972LDMDSG0
LAB GROWN DIAMOND STERLING SILVER,DA8803LDS2SZ0
LAB GROWN DIAMOND STERLING SILVER,BA9071LDBK2D0
LAB GROWN DIAMOND STERLING SILVER,DA2367LDMDSG1
LAB GROWN DIAMOND STERLING SILVER,DA8479LD24SZ0
PEARL,31A71
PEARL,31D27
PEARL,58C27P
PEARL,58M38S
PEARL,58R82P
PEARL,59660P
PEARL,59R94S
PEARL,77130VCMPGG0
PEARL,87G93P
PEARL,ADJC5187V10000412
PEARL,ADJC5187V10003605
PEARL,ADJC5187V5400341
PEARL,ADJC5187V5400347
PEARL,ADJC5187V5400352
PEARL,ADJC5187V5400361
PEARL,ADJC5187V5400367
PEARL,ADJD549V10000412
PEARL,ADJD549V5400347
PEARL,AMB7182WH
PEARL,AX526053PF2
PEARL,AX59923FPF2
PEARL,AX6704SP218J
PEARL,AX74283FPF2
PEARL,B001826TPS
PEARL,B001961TPS
PEARL,B001999PS
PEARL,B002116PS
PEARL,B002185PS
PEARL,B002262TPW
PEARL,B002277TPS
PEARL,B002435TPS
PEARL,B002436TPS
PEARL,B002467PS
PEARL,B002468PS
PEARL,B002488WMOPS
PEARL,B002489WMOPS
PEARL,B002539TPS
PEARL,B002541PS
PEARL,B002550PS
PEARL,B002554PS
PEARL,B002755WMOPS
PEARL,B002761PS
PEARL,B002787PS
PEARL,B002962PS
PEARL,B002973TPW
PEARL,BC66WAA75BL
PEARL,BC77AA75BL
PEARL,BF910A8BK
PEARL,BX752853PL1PN
PEARL,BX75305PL1PN
PEARL,C1478
PEARL,DB214YBL
PEARL,DB684BL
PEARL,DB685BL
PEARL,DB686BL
PEARL,DE3855YBL
PEARL,DE3887YBL
PEARL,DE3888YBL
PEARL,DN1163YBL
PEARL,DN442Y24BL
PEARL,DN454Y18BL
PEARL,DP5372YBL
PEARL,DQB10332BL
PEARL,DQB10333BL
PEARL,DQE10317FBL
PEARL,DQE11712BL
PEARL,DQESFK1011BL
PEARL,DQN10138BL
PEARL,DQN10304BL
PEARL,DQN10307BL
PEARL,DQN10709BL
PEARL,DQN10939BL
PEARL,DQN10944BL
PEARL,DQN11154BL
PEARL,DQP10443BL
PEARL,DQP11108BL
PEARL,DQR10034BL
PEARL,DSET35BL
PEARL,E2303YBL
PEARL,E4147YBL
PEARL,E4232YBL
PEARL,E4283YBL
PEARL,E4359BL
PEARL,EM895553PF2
PEARL,ER00838P
PEARL,ER01001PF
PEARL,ER01327TP
PEARL,ER01375PW
PEARL,ER01412PW
PEARL,ER01506TPW
PEARL,ER01524P
PEARL,ER01645P
PEARL,ER01686TPW
PEARL,ER01708PW
PEARL,ER01712PW
PEARL,ER01712TPW
PEARL,ER01742TPW
PEARL,ER01851TPW
PEARL,ER01861P
PEARL,ER01861TP
PEARL,ER01900TPW
PEARL,ER01926TPW
PEARL,ER01953TPW
PEARL,ER01973GSS
PEARL,ER01973TPW
PEARL,ER01986TPW
PEARL,ER01989PS
PEARL,ER01990TPW
PEARL,ER01993PS
PEARL,ER02001PS
PEARL,ER02148PS
PEARL,ER02227PW
PEARL,ER02274GSS
PEARL,ER02364TPS
PEARL,ER02387PS
PEARL,ER02392P
PEARL,ER02409GSS
PEARL,ER02413TPS
PEARL,ER02417GSSS
PEARL,ER02429TPS
PEARL,ER02434P
PEARL,ER02437TPS
PEARL,ER02437WMOPS
PEARL,ER02459TPS
PEARL,ER02462GSSS
PEARL,ER02484PS
PEARL,ER02505P
PEARL,ER02540PS
PEARL,ER02557TPW
PEARL,ER02600PW
PEARL,ER02604PS
PEARL,ER02610TPS
PEARL,ER02610WMOPS
PEARL,ER02623PW
PEARL,ER02623TPW
PEARL,ER02648PW
PEARL,ER02649PW
PEARL,ER02662PS
PEARL,ER02686GSS
PEARL,ER02696TPW
PEARL,ER02802PW
PEARL,ER02808TPW
PEARL,ER02919PW
PEARL,ER02936PS
PEARL,ES56AAABL
PEARL,ES67WAABL
PEARL,ES77WAABL
PEARL,ESAX5863P2CB
PEARL,ESB4089PF2CS
PEARL,ESB5796FPF2CE
PEARL,ESFR1011YBL
PEARL,ESFR1112YBL
PEARL,ESFR55WBK
PEARL,ESFR66WBK
PEARL,ESFR66WDBL
PEARL,ESFR66YDBL
PEARL,ESFR77WBK
PEARL,ESFR88WBK
PEARL,ESFR910YBL
PEARL,ESFRN910YBL
PEARL,ESH9399PF2AM
PEARL,ESH9399PF2LT
PEARL,ESJ5547AP2CZ
PEARL,ESJ5911MIXM18
PEARL,ESM5475PF2CB
PEARL,ESM7128MIXBK
PEARL,ESRAX8786P3B
PEARL,ESW4560PF2CA
PEARL,ESZ8513PF2AM
PEARL,ESZ8926PF2E
PEARL,FB8918YWH725
PEARL,FE0285YWH30
PEARL,FE8350YWH
PEARL,FN0910YWH20
PEARL,FN7941YWH18
PEARL,HZP2371WH
PEARL,J990053MIX
PEARL,JP4372FP10K
PEARL,JR7189FP10K
PEARL,KOB3946WH
PEARL,KOS1497WH
PEARL,LB6007WH
PEARL,LE6539WH
PEARL,LE7449WH
PEARL,LN7481WHYG1814K
PEARL,LN7588WH18
PEARL,LP6539WH
PEARL,LP6793TAH
PEARL,LS7762WH8
PEARL,M259353PF2
PEARL,M308653FPF2
PEARL,M676553PF2
PEARL,M694353FPF2
PEARL,M864053PF2
PEARL,M878153FPF2
PEARL,M895753PF2
PEARL,N000125P
PEARL,N001006P
PEARL,N001507TPW
PEARL,N001716PM
PEARL,N001788TPS
PEARL,N001789P
PEARL,N001846P
PEARL,N001849TPW
PEARL,N001871TPS
PEARL,N001947TP
PEARL,N001962TPS
PEARL,N001998PS
PEARL,N002002PS
PEARL,N002027TPW
PEARL,N002062PS
PEARL,N002115PS
PEARL,N002263TPW
PEARL,N002264PS
PEARL,N002317PS
PEARL,N002403PS
PEARL,N002432PS
PEARL,N002439TPS
PEARL,N002450TPS
PEARL,N002450WMOPS
PEARL,N002485TPS
PEARL,N002486TP
PEARL,N002490WMOPS
PEARL,N002542PS
PEARL,N002624PW
PEARL,N002638BMOPS
PEARL,N002650PW
PEARL,N002678P
PEARL,N002716PS
PEARL,N002770WMOPS
PEARL,N002771BMOPS
PEARL,N002786PS
PEARL,N1307BL
PEARL,N1316BL
PEARL,NB8995WH75
PEARL,NB9207WRG7
PEARL,NC56AABL
PEARL,NC66AA16BL
PEARL,NC66AABL
PEARL,NC67AABL
PEARL,NC67WAABL
PEARL,NC77AABL
PEARL,NF1113VZBL
PEARL,NF610AABL
PEARL,NF67WA18BK
PEARL,NF78WA18BK
PEARL,NF812AAABL
PEARL,P6340WBL
PEARL,PA0001P0ZZEG0
PEARL,PA1022P5D2BG0
PEARL,PA1058P3A6AG0
PEARL,PA1086P3A6AG0
PEARL,PA4000P0ZZBG0
PEARL,PA4033X0A6DG1
PEARL,PA4131P3A6AG0
PEARL,PA4306P1A7AZ0
PEARL,PA4307P1A7AZ0
PEARL,PA4310P1A7AZ0
PEARL,PA4313P1A7AZ0
PEARL,PA6000P0ZZBZ0
PEARL,PA7030P5ZZBZ0
PEARL,PA7046P1H9SZ0
PEARL,PA7055X0A6DZ0
PEARL,PA7073P3X1SZ1
PEARL,PA7188P3A6AZ0
PEARL,PA7190P3ZZAZ0
PEARL,PFR66WDBL
PEARL,PFR66YDBL
PEARL,PFR77YBL
PEARL,PJ4062P0ZZZG0
PEARL,PJ4062P0ZZZG2
PEARL,PJ6051P3ZZAE0
PEARL,PJ6075P3ZZAK0
PEARL,PJ7070P3ZZAZ0
PEARL,PJ7165P0ZZBZ1
PEARL,PJ9044P0ZZAZ0
PEARL,PJ9055P3ZZAE0
PEARL,PN00218PW
PEARL,PN00837P
PEARL,PN01449PW
PEARL,PN01508PW
PEARL,PN01634GSS
PEARL,PN01700P
PEARL,PN01741GSS
PEARL,PN01745PW
PEARL,PN01815PP
PEARL,PN01898TPW
PEARL,PN01899TPW
PEARL,PN01956TPW
PEARL,PN01972GSS
PEARL,PN01972WSS
PEARL,PN02031TPW
PEARL,PN02083TPW
PEARL,PN02102PW
PEARL,PN02147PS
PEARL,PN02210TPW
PEARL,PN02225PS
PEARL,PN02226PW
PEARL,PN02272PS
PEARL,PN02308PS
PEARL,PN02315YP
PEARL,PN02319TPS
PEARL,PN02334PS
PEARL,PN02336PS
PEARL,PN02347PS
PEARL,PN02379GSS
PEARL,PN02389TPW
PEARL,PN02406GSSS
PEARL,PN02411TPS
PEARL,PN02412PS
PEARL,PN02412TPS
PEARL,PN02438TPS
PEARL,PN02438WMOPS
PEARL,PN02455TPS
PEARL,PN02493TPS
PEARL,PN02504P
PEARL,PN02530PS
PEARL,PN02556TPW
PEARL,PN02565GSS
PEARL,PN02571P
PEARL,PN02573PS
PEARL,PN02599PW
PEARL,PN02601GSS
PEARL,PN02601PW
PEARL,PN02601TPW
PEARL,PN02605PW
PEARL,PN02609TPS
PEARL,PN02609WMOPS
PEARL,PN02685GSS
PEARL,PN02757WMOPS
PEARL,PN02760PS
PEARL,PN02807WSS
PEARL,PN02876TPW
PEARL,PN02901SW
PEARL,PN02967PS
PEARL,PN02968PS
PEARL,PN02980P
PEARL,QB10569BL
PEARL,QE10189BL
PEARL,QE10572BL
PEARL,QE10853BBL
PEARL,QE10870BL
PEARL,QE10871BL
PEARL,QE10872BL
PEARL,QE11020BL
PEARL,QE11197BL
PEARL,QE11789BL
PEARL,QE12002BL
PEARL,QN10672BL
PEARL,QN10843BL
PEARL,QP10155BL
PEARL,QP10376BL
PEARL,QP10522BBL
PEARL,QP10534BL
PEARL,QP10535BL
PEARL,QP10537BL
PEARL,QP10645BL
PEARL,QP10715BL
PEARL,QP11173BL
PEARL,QR10012BBL
PEARL,QR10269BL
PEARL,QR10346BL
PEARL,QR10387BL
PEARL,QSET10951BL
PEARL,R3375YBL
PEARL,RAX1681FPL3CW
PEARL,RAX24025PL1WTPN
PEARL,RAX2654A6FPL2
PEARL,RAX2657A6FPL2
PEARL,RBX75375PL1WT
PEARL,RBX754753FPL2
PEARL,RBX7704A6FPL2
PEARL,RCX4322PL3PNCH
PEARL,RCX434216FPL2CH
PEARL,RCX4364A6FPL2CH
PEARL,RCX4374A6FPL2CH
PEARL,RF4054PF2CZL
PEARL,RM63331PF3N17
PEARL,RN00836P
PEARL,RN01363PW
PEARL,RN01505TPW
PEARL,RN01572P
PEARL,RN01572PW
PEARL,RN01857SPW
PEARL,RN01877PP
PEARL,RN01877TPW
PEARL,RN01987GSS
PEARL,RN01987TPW
PEARL,RN01994PS
PEARL,RN02044PS
PEARL,RN02103TPW
PEARL,RN02188TPW
PEARL,RN02216WSS
PEARL,RN02239TPW
PEARL,RN02298P
PEARL,RN02311P
PEARL,RN02314P
PEARL,RN02314YP
PEARL,RN02338WSS
PEARL,RN02346PS
PEARL,RN02378GSS
PEARL,RN02408GSSS
PEARL,RN02410TPS
PEARL,RN02414GSSS
PEARL,RN02414PS
PEARL,RN02453PS
PEARL,RN02454TPS
PEARL,RN02531PS
PEARL,RN02552PS
PEARL,RN02555TPW
PEARL,RN02598PW
PEARL,RN02656PW
PEARL,RN02669GSS
PEARL,RN02669TPW
PEARL,RN02713PS
PEARL,RN02842PW
PEARL,RZ359658PF2J
PEARL,SAX5324PF2CB
PEARL,SAX68155PL3CW17
PEARL,SAX7484PF2BK
PEARL,SAX8681MIXBK
PEARL,SAX8764PL3BK
PEARL,SAX8765PL3BK
PEARL,SB4157AMXACB
PEARL,SB5283PF2CBK
PEARL,SB8774SWH7
PEARL,SB9287SWH75
PEARL,SBX5409MXCBK
PEARL,SBX5460P3CBK
PEARL,SBX5591PL3CB
PEARL,SE0087SWH
PEARL,SE0090SCZ
PEARL,SE0091SWH
PEARL,SE3322SWH
PEARL,SE8004SWH
PEARL,SE8417SWH
PEARL,SF72232PF2BT
PEARL,SM1371V37FPF2SI
PEARL,SM260353PF2
PEARL,SM42075PF2BS
PEARL,SM5242MIXCBK
PEARL,SM7119V37FPF2SI
PEARL,SM74505MIXBK
PEARL,SM8350PF2BK
PEARL,SM86223PF2BK
PEARL,SM90875PL3CW
PEARL,SN5897PF2CBK
PEARL,SP0090SCZ17
PEARL,SP0091SWH17
PEARL,SP0103SWH17
PEARL,SR1302SWH7
PEARL,SSF034551SM118
PEARL,STN6SS16
PEARL,STR8210SWH7
PEARL,SW4697PF2CBK
PEARL,SW86782AMSPMRT
PEARL,SW89065PF2BS
PEARL,SYX4142APL3
PEARL,TG8618YWH75
PEARL,TN7963YWH17
PEARL,WC2299
PEARL,WC2300
PEARL,WC2308
PEARL,Z6395SAPF20B
PEARL,31785W
PEARL,HZS79P1LOB
PEARL,LE6190PK14K
PEARL,LE6190PKWG
PEARL,LE6192PK14K
PEARL,WA0GF65H4S
PEARL,PA4054P1ZZIE0
PEARL,PA7571P1ZZSZ0
SILVER,3412S513
SILVER,36457
SILVER,36458
SILVER,36C74
SILVER,36D01SKI
SILVER,36D25ZC
SILVER,36H59
SILVER,36K08
SILVER,36T90SKI
SILVER,40E37SKI
SILVER,41D97ZC
SILVER,43895
SILVER,52K34
SILVER,52P09
SILVER,56513
SILVER,58B60P
SILVER,58N56P
SILVER,58N65P
SILVER,58R81P
SILVER,780393E
SILVER,ARN076058W9
SILVER,ARN076060W12
SILVER,ARN076060W9
SILVER,ARN076061W12
SILVER,ARN076061W9
SILVER,BS916P0175
SILVER,C5108V5409999000
SILVER,C5538V5409999
SILVER,G2155BDZZSNY
SILVER,KSRL07800
SILVER,R007392S070
SILVER,SAX5897CYBM18
SILVER,SB5698CYBM18
SILVER,SF4260CYW18
SILVER,SF4278CYXCBK
SILVER,SF7197CYBDKL
SILVER,SF7197CYWVTA
SILVER,SF7205CYW
SILVER,SFE002276S305
SILVER,SFE004613S23
SILVER,SH9502BT
SILVER,SM5449CYBCBK
SILVER,SME4886SCY
SILVER,SME6366SCY
SILVER,SRE000521S
SILVER,SRF038052SCZ24
SILVER,SRL00463WT0
SILVER,SRR039694S18
SILVER,SRR039694S75
SILVER,SSB019053S725
SILVER,SSB022739S85
SILVER,SSB034627S725
SILVER,SSB038192S8
SILVER,SSB038214S775
SILVER,SSB038218S825
SILVER,SSB038280S725
SILVER,SSB038282S725
SILVER,SSB038585S75
SILVER,SSB038588S725
SILVER,SSB038590S85
SILVER,SSB038591S825
SILVER,SSB038594S85
SILVER,SSB038629S7
SILVER,SSB047699S9
SILVER,SSB054659S75
SILVER,SSB061549S75
SILVER,SSBD2239RP17
SILVER,SSC065762S26
SILVER,SSC067107S18
SILVER,SSE010551S21
SILVER,SSE016255S
SILVER,SSE024568S
SILVER,SSE024580S
SILVER,SSE024591S32
SILVER,SSE034441SCY
SILVER,SSE036994S
SILVER,SSE038044S
SILVER,SSE038274S
SILVER,SSE047120S
SILVER,SSE048850S
SILVER,SSE061493S50
SILVER,SSE061497S
SILVER,SSE062753S
SILVER,SSE14430RPWCY
SILVER,SSE359683
SILVER,SSE359693RP
SILVER,SSF015487S17
SILVER,SSF022738S17
SILVER,SSF031747S17
SILVER,SSF034629S165
SILVER,SSF034631S165
SILVER,SSF038168S17
SILVER,SSF038169S17
SILVER,SSF038189S17
SILVER,SSF038190S17
SILVER,SSF038219S22
SILVER,SSF038228S22
SILVER,SSF038230S22
SILVER,SSF038232S22
SILVER,SSF038233S22
SILVER,SSF038235S22
SILVER,SSF038236S22
SILVER,SSF038238S22
SILVER,SSF038240S22
SILVER,SSF038242S22
SILVER,SSF038243S22
SILVER,SSF038585S20
SILVER,SSF038595S1775
SILVER,SSF039505S20
SILVER,SSF047197S19
SILVER,SSF047205S18
SILVER,SSF062546S18
SILVER,SSF062568S19
SILVER,SSG038204S8
SILVER,SSG038284S7
SILVER,SSG039580S75
SILVER,SSG047686S65
SILVER,SSN038043S7
SILVER,SSN064654S6
SILVER,SSP029097SCY18
SILVER,SSP034337S16
SILVER,SSP071894B18
SILVER,SSVE053DADJ22
SILVER,SSX026460SCY18
SILVER,STN11491GPCZ10
SILVER,STU714D40
SILVER,SW7374CYWMRT
SILVER,SW7608CYBAM
SILVER,SW8235CUDBT
SILVER,SW8274CYWAM
SILVER,TCE002547YCY
SILVER,TRE033941YCY
SILVER,TRE034359YCZ
SILVER,TRE034556YWCY
SILVER,TRE034685YCY
SILVER,TRF028913YCZ17
SILVER,TRP033945YCY
SILVER,VRK073552Y
SILVER,VRP076985Y
SILVER,VSF066466YCZ18
SILVER,ZMN1522W9
SILVER,ZRN032786B11
SILVER,ZRN076055W9
SILVER,ZRN076056W9
SILVER,ZRN076064W8
SILVER,ZRN076067W12
SILVER,ZRP071413Y24
SILVER,N5053R20
SILVER,N535726
SILVER,SSE062840S30
SILVER,SSE062841S20
SILVER,SSK082735S20
SILVER,SSK082897B20
SILVER,SSP090490B20
SILVER,VRR089348B18
